id,station,lat,lon,sample_date,parameter,value,unit
1,Rogue_003,42.42592539862365,-122.85601968678895,2024-04-12,Dissolved_Oxygen,4.7,mg/L
2,Umpqua_005,43.405298041779155,-123.30558431379342,2024-12-14,Nitrate,6.52,mg/L
3,Rogue_003,42.43643802601704,-122.84316038362525,2024-09-27,Nitrate,5.9,mg/L
4,Rogue_003,42.424915940451065,-122.86241840516705,2024-04-16,Nitrate,4.71,mg/L
5,Willamette_001,44.951137294602134,-123.03594516052725,2024-03-12,pH,6.76,pH
6,Rogue_003,42.42426246199692,-122.8568074427457,2024-07-07,Temperature,6.18,°C
7,Columbia_002,45.62292722844372,-122.75500786382418,2024-01-21,pH,8.64,pH
8,Rogue_003,42.44051593040672,-122.85843544962245,2024-04-12,Temperature,8.81,°C
9,Willamette_001,44.9338658934445,-123.03747107888941,2024-05-01,Nitrate,2.58,mg/L
10,Rogue_003,42.41132648173631,-122.85764791386954,2024-08-02,Dissolved_Oxygen,5.11,mg/L
11,Rogue_003,42.42584712086099,-122.84367218133893,2024-11-26,Phosphate,5.68,mg/L
12,Rogue_003,42.43970077777914,-122.84279226950859,2024-03-28,pH,11.54,pH
13,Willamette_001,44.95402034480047,-123.03347526733774,2024-04-09,pH,10.02,pH
14,Umpqua_005,43.42257198281093,-123.32933638109262,2024-12-25,pH,8.66,pH
15,Umpqua_005,43.39614461760032,-123.3066956143673,2024-05-31,Temperature,0.15,°C
16,Columbia_002,45.65181974048622,-122.74641828154638,2024-05-10,Dissolved_Oxygen,9.0,mg/L
17,Columbia_002,45.666435715833984,-122.7520284621967,2024-05-29,Phosphate,5.36,mg/L
18,Deschutes_004,44.06109394794605,-121.30274233376102,2024-11-04,Dissolved_Oxygen,5.09,mg/L
19,Deschutes_004,44.06442116665314,-121.30749756067426,2024-09-14,Temperature,5.43,°C
20,Columbia_002,45.65593186626639,-122.75511215676431,2024-12-09,Nitrate,2.72,mg/L
21,Willamette_001,44.948742130799005,-123.02944275087711,2024-10-20,Dissolved_Oxygen,3.02,mg/L
22,Umpqua_005,43.39203497041342,-123.31339224768277,2024-07-10,Nitrate,7.19,mg/L
23,Willamette_001,44.9524610368229,-123.01948216532985,2024-10-03,Temperature,3.17,°C
24,Columbia_002,45.648405272502515,-122.7503849172002,2024-06-09,Phosphate,4.51,mg/L
25,Rogue_003,42.4285096333327,-122.8500665345463,2024-11-09,Dissolved_Oxygen,2.75,mg/L
26,Umpqua_005,43.41080459869005,-123.33844905240295,2024-01-22,Nitrate,2.36,mg/L
27,Columbia_002,45.62515298428483,-122.7503703591372,2024-09-09,pH,7.16,pH
28,Deschutes_004,44.046603715018065,-121.30851109772348,2024-08-23,pH,7.86,pH
29,Willamette_001,44.93088746320106,-123.03567163167935,2024-12-10,Temperature,2.27,°C
30,Umpqua_005,43.39967246729784,-123.32543424771133,2024-02-18,Nitrate,7.26,mg/L
31,Rogue_003,42.41999379719427,-122.82570152271346,2024-02-28,Phosphate,7.08,mg/L
32,Willamette_001,44.96591717323189,-123.03017923573562,2024-06-18,Phosphate,8.9,mg/L
33,Deschutes_004,44.057784779033156,-121.31828658036338,2024-07-06,Nitrate,3.86,mg/L
34,Rogue_003,42.42638109028767,-122.85069589822912,2024-09-27,Phosphate,6.84,mg/L
35,Deschutes_004,44.0702428658178,-121.32622523630198,2024-07-08,Phosphate,4.49,mg/L
36,Rogue_003,42.412914967204316,-122.83989654997058,2024-06-23,Temperature,5.68,°C
37,Umpqua_005,43.40978292982116,-123.31138034914939,2024-02-20,Dissolved_Oxygen,5.29,mg/L
38,Rogue_003,42.4130673382529,-122.85900532885186,2024-12-29,pH,8.25,pH
39,Columbia_002,45.65764686934263,-122.76241501230949,2024-02-24,Phosphate,1.66,mg/L
40,Columbia_002,45.62443370826476,-122.74393990048654,2024-08-31,Dissolved_Oxygen,3.37,mg/L
41,Umpqua_005,43.37830122312959,-123.3375346941625,2024-11-15,Temperature,7.49,°C
42,Deschutes_004,44.05455080913191,-121.30600863885648,2024-05-10,Phosphate,3.91,mg/L
43,Columbia_002,45.64150301761462,-122.75363612212215,2024-11-02,Dissolved_Oxygen,5.23,mg/L
44,Willamette_001,44.93651814577895,-123.02256735905978,2024-05-14,Phosphate,4.89,mg/L
45,Rogue_003,42.44151425374465,-122.84879352774004,2024-01-21,pH,9.21,pH
46,Columbia_002,45.63240360619522,-122.75003350869659,2024-11-24,pH,9.62,pH
47,Umpqua_005,43.39979151239335,-123.32898799908241,2024-06-15,Nitrate,8.62,mg/L
48,Rogue_003,42.44665474444462,-122.83985629934982,2024-09-30,Phosphate,3.18,mg/L
49,Columbia_002,45.6514306590289,-122.75418704840807,2024-03-29,Temperature,4.35,°C
50,Columbia_002,45.641472078293695,-122.7522254147217,2024-11-11,pH,9.91,pH
51,Umpqua_005,43.4120759217043,-123.31769512785395,2024-01-14,Temperature,4.55,°C
52,Rogue_003,42.4351987222635,-122.85118323422681,2024-08-29,Phosphate,5.86,mg/L
53,Umpqua_005,43.382804589932874,-123.31716441929389,2024-09-21,Nitrate,5.6,mg/L
54,Willamette_001,44.93310442773922,-123.0201287779987,2024-12-11,Dissolved_Oxygen,4.44,mg/L
55,Columbia_002,45.65770800635636,-122.75626967057788,2024-02-22,Phosphate,4.93,mg/L
56,Rogue_003,42.4269221438332,-122.85658898421975,2024-12-05,Dissolved_Oxygen,8.62,mg/L
57,Rogue_003,42.449458712848276,-122.84308379319049,2024-04-01,Dissolved_Oxygen,5.44,mg/L
58,Willamette_001,44.958339221545494,-123.02540819920772,2024-09-20,Temperature,7.57,°C
59,Willamette_001,44.94942095092662,-123.02181515265362,2024-02-04,Phosphate,1.95,mg/L
60,Umpqua_005,43.398072202127615,-123.32154036715966,2024-07-24,Nitrate,5.27,mg/L
61,Rogue_003,42.42919584226291,-122.85465450182403,2024-03-21,Temperature,7.26,°C
62,Columbia_002,45.627259310150464,-122.73585959538997,2024-02-19,Nitrate,6.77,mg/L
63,Deschutes_004,44.05949880824325,-121.33529337439924,2024-12-25,pH,9.04,pH
64,Deschutes_004,44.080423964227144,-121.3051482489477,2024-01-02,Nitrate,7.6,mg/L
65,Umpqua_005,43.407295427666355,-123.32218103898373,2024-02-23,Phosphate,0.29,mg/L
66,Rogue_003,42.42562334330197,-122.8618633509522,2024-04-15,Phosphate,6.99,mg/L
67,Rogue_003,42.44409347440185,-122.8270110187638,2024-09-16,Dissolved_Oxygen,3.97,mg/L
68,Deschutes_004,44.055544974785995,-121.29546615522882,2024-11-05,Nitrate,4.27,mg/L
69,Deschutes_004,44.05700261423391,-121.305454365177,2024-07-09,Temperature,1.28,°C
70,Umpqua_005,43.40460075010299,-123.32249731282825,2024-08-05,Nitrate,6.49,mg/L
71,Willamette_001,44.94724876013653,-123.02436921126028,2024-02-13,Nitrate,3.09,mg/L
72,Rogue_003,42.42850810840241,-122.8565941341145,2024-06-10,Temperature,1.93,°C
73,Umpqua_005,43.39498860032721,-123.31531436506627,2024-07-20,Temperature,4.74,°C
74,Willamette_001,44.94626600731624,-123.04173570207013,2024-09-26,Nitrate,6.02,mg/L
75,Columbia_002,45.64471415556387,-122.7555222304428,2024-12-16,Phosphate,3.34,mg/L
76,Umpqua_005,43.4154750520133,-123.30204122326904,2024-10-30,Nitrate,6.27,mg/L
77,Columbia_002,45.64583800376156,-122.7445650089721,2024-09-27,Dissolved_Oxygen,4.27,mg/L
78,Umpqua_005,43.398230527725055,-123.32798297244538,2024-08-02,Dissolved_Oxygen,7.17,mg/L
79,Rogue_003,42.42369007870126,-122.84092505231582,2024-09-08,Temperature,5.09,°C
80,Rogue_003,42.44103713869391,-122.84867433932034,2024-07-08,Phosphate,5.07,mg/L
81,Willamette_001,44.95546779354166,-123.03266237532162,2024-10-22,Dissolved_Oxygen,4.24,mg/L
82,Umpqua_005,43.40317805169202,-123.32629516548049,2024-07-31,Dissolved_Oxygen,4.46,mg/L
83,Deschutes_004,44.05166441012721,-121.31689540321081,2024-07-26,Temperature,4.26,°C
84,Deschutes_004,44.06028744822935,-121.29721548137393,2024-08-24,Phosphate,5.99,mg/L
85,Columbia_002,45.64046436548156,-122.7635985614098,2024-12-03,Temperature,5.38,°C
86,Deschutes_004,44.056922217650474,-121.30780849672337,2024-02-22,Temperature,6.49,°C
87,Columbia_002,45.642790215257705,-122.74392103490284,2024-10-06,Nitrate,4.81,mg/L
88,Umpqua_005,43.40518639647613,-123.32624706723162,2024-08-04,pH,7.37,pH
89,Deschutes_004,44.05396219760938,-121.31233990666902,2024-09-08,Dissolved_Oxygen,5.98,mg/L
90,Columbia_002,45.63413451911479,-122.7308919541154,2024-07-06,Dissolved_Oxygen,8.69,mg/L
91,Rogue_003,42.443829044344646,-122.83863395228295,2024-02-10,Dissolved_Oxygen,1.59,mg/L
92,Rogue_003,42.43678299411192,-122.85048029530714,2024-06-05,Phosphate,4.09,mg/L
93,Rogue_003,42.441659137153714,-122.85542604841758,2024-01-15,Temperature,5.18,°C
94,Columbia_002,45.62719695601329,-122.7412754267172,2024-10-27,pH,8.75,pH
95,Willamette_001,44.9443333058749,-123.0183651454197,2024-03-05,pH,3.31,pH
96,Columbia_002,45.64353762778992,-122.75287952221903,2024-12-10,Temperature,3.14,°C
97,Deschutes_004,44.071172958315884,-121.30657274653622,2024-11-22,Phosphate,4.84,mg/L
98,Rogue_003,42.43642722759868,-122.83670847469867,2024-01-09,Phosphate,5.91,mg/L
99,Deschutes_004,44.04658725328982,-121.32426125532669,2024-12-09,Temperature,4.68,°C
100,Willamette_001,44.95444655185667,-123.03995355363924,2024-05-08,Nitrate,6.21,mg/L
101,Umpqua_005,43.419653275084535,-123.30037177365953,2024-05-15,Temperature,2.09,°C
102,Columbia_002,45.647858001586506,-122.74574542438215,2024-03-03,Dissolved_Oxygen,4.23,mg/L
103,Willamette_001,44.94952288643859,-123.03003602539091,2024-05-18,Dissolved_Oxygen,3.07,mg/L
104,Deschutes_004,44.0718341424954,-121.31660707248257,2024-03-21,pH,4.68,pH
105,Columbia_002,45.63219525993675,-122.75471108172303,2024-06-11,pH,7.13,pH
106,Columbia_002,45.64988882737309,-122.74376690193345,2024-10-15,Phosphate,7.15,mg/L
107,Columbia_002,45.64924633682913,-122.7494036963008,2024-09-17,Phosphate,7.8,mg/L
108,Columbia_002,45.643932631513835,-122.74318554919643,2024-08-18,pH,5.71,pH
109,Deschutes_004,44.05794745370386,-121.28844115091175,2024-02-10,Dissolved_Oxygen,9.23,mg/L
110,Columbia_002,45.656856483014195,-122.75460295444194,2024-01-28,Dissolved_Oxygen,7.34,mg/L
111,Deschutes_004,44.05470701762454,-121.30381313452152,2024-05-14,pH,4.94,pH
112,Rogue_003,42.44727543170101,-122.84563676330325,2024-07-19,pH,9.26,pH
113,Umpqua_005,43.39986450451953,-123.33369698179685,2024-11-23,Nitrate,3.31,mg/L
114,Willamette_001,44.96131252790398,-123.03274747495175,2024-09-24,pH,6.05,pH
115,Umpqua_005,43.407681238351344,-123.28895132571533,2024-02-02,pH,8.75,pH
116,Rogue_003,42.44683927691458,-122.85458884262869,2024-02-17,Nitrate,5.69,mg/L
117,Deschutes_004,44.06439302757682,-121.31888210755447,2024-03-02,Phosphate,7.63,mg/L
118,Rogue_003,42.44246326885798,-122.85126811497902,2024-08-03,Temperature,2.27,°C
119,Willamette_001,44.96388312701434,-123.01340052397275,2024-10-19,Dissolved_Oxygen,4.05,mg/L
120,Columbia_002,45.639744459290085,-122.7382727098074,2024-04-08,Temperature,7.55,°C
121,Deschutes_004,44.0315145737937,-121.29851234299628,2024-06-20,Temperature,6.54,°C
122,Willamette_001,44.94126049654509,-123.04626217714589,2024-12-25,Dissolved_Oxygen,1.52,mg/L
123,Rogue_003,42.429062345504775,-122.8661845783368,2024-08-01,Temperature,5.03,°C
124,Rogue_003,42.4090484247732,-122.84745826107753,2024-02-04,Phosphate,8.09,mg/L
125,Willamette_001,44.93740080033627,-123.0429650176748,2024-08-14,Nitrate,9.38,mg/L
126,Rogue_003,42.4350381569559,-122.87153879244711,2024-04-10,Temperature,1.97,°C
127,Willamette_001,44.96791143786863,-123.02826091958343,2024-05-10,Nitrate,4.06,mg/L
128,Rogue_003,42.42678376863954,-122.8545100503013,2024-09-13,Temperature,7.18,°C
129,Columbia_002,45.64629248971894,-122.74809062249227,2024-01-05,Temperature,2.53,°C
130,Deschutes_004,44.05519053872742,-121.33455125025722,2024-08-05,Phosphate,3.21,mg/L
131,Rogue_003,42.43400114474648,-122.8485196824184,2024-09-11,Dissolved_Oxygen,5.14,mg/L
132,Deschutes_004,44.05267315808742,-121.30494572853375,2024-12-24,pH,3.65,pH
133,Umpqua_005,43.40483892317242,-123.31194807325218,2024-10-09,Nitrate,3.56,mg/L
134,Columbia_002,45.63969112364428,-122.72996592732818,2024-07-25,Dissolved_Oxygen,2.56,mg/L
135,Willamette_001,44.96050654396008,-123.01894474067042,2024-01-15,Phosphate,5.4,mg/L
136,Rogue_003,42.43839184867716,-122.83184627315173,2024-12-11,Temperature,7.37,°C
137,Deschutes_004,44.06328762410304,-121.3067864278455,2024-02-11,Phosphate,4.87,mg/L
138,Umpqua_005,43.40302398844238,-123.32785353142512,2024-06-27,Nitrate,5.84,mg/L
139,Deschutes_004,44.067011727423115,-121.3129756350336,2024-03-03,Dissolved_Oxygen,6.19,mg/L
140,Rogue_003,42.43120499958789,-122.86028674333129,2024-12-17,Nitrate,7.75,mg/L
141,Willamette_001,44.93559949117406,-123.01405494936775,2024-08-18,Temperature,2.81,°C
142,Deschutes_004,44.04447272932184,-121.31303535985577,2024-08-28,Temperature,3.31,°C
143,Willamette_001,44.96009817089343,-123.03688150345178,2024-02-21,Dissolved_Oxygen,8.28,mg/L
144,Rogue_003,42.43059142122272,-122.83873882973984,2024-04-05,Temperature,9.5,°C
145,Deschutes_004,44.04818606016701,-121.311499878914,2024-08-09,Temperature,5.18,°C
146,Rogue_003,42.43179416812831,-122.83179219623284,2024-08-18,Phosphate,1.73,mg/L
147,Umpqua_005,43.40392084529701,-123.32188896687784,2024-08-24,Dissolved_Oxygen,4.49,mg/L
148,Columbia_002,45.64461696918124,-122.72652952516627,2024-05-22,Temperature,6.11,°C
149,Rogue_003,42.443920022863445,-122.84081683393997,2024-06-19,Temperature,5.36,°C
150,Columbia_002,45.63396676434778,-122.76586811715595,2024-01-29,Phosphate,1.86,mg/L
151,Willamette_001,44.955135407081634,-123.02051060010163,2024-02-05,Dissolved_Oxygen,3.92,mg/L
152,Umpqua_005,43.39856154229088,-123.31203791191547,2024-01-13,Phosphate,3.68,mg/L
153,Willamette_001,44.94570594458875,-123.02877702496968,2024-06-08,pH,7.25,pH
154,Umpqua_005,43.392980083121934,-123.3266290091755,2024-11-22,pH,8.09,pH
155,Columbia_002,45.63746253319172,-122.74683257941196,2024-07-05,Phosphate,6.48,mg/L
156,Rogue_003,42.44069850498701,-122.85912948073023,2024-08-30,Temperature,8.02,°C
157,Deschutes_004,44.06569793811904,-121.31567755063175,2024-03-26,pH,9.06,pH
158,Columbia_002,45.64524362747253,-122.75734910414478,2024-10-10,Temperature,5.86,°C
159,Columbia_002,45.63870179300267,-122.74956188528022,2024-03-06,Nitrate,4.63,mg/L
160,Deschutes_004,44.054425082149926,-121.32369802979579,2024-06-18,Dissolved_Oxygen,4.71,mg/L
161,Umpqua_005,43.399979162025794,-123.3158545818562,2024-02-14,Nitrate,5.63,mg/L
162,Rogue_003,42.446777008140764,-122.85553588241707,2024-03-02,Phosphate,3.46,mg/L
163,Willamette_001,44.944658516503125,-123.04623045893466,2024-05-13,Dissolved_Oxygen,5.61,mg/L
164,Deschutes_004,44.048992207171636,-121.31711298624761,2024-10-10,Temperature,6.13,°C
165,Willamette_001,44.94785067494015,-123.03520913819337,2024-01-28,pH,9.48,pH
166,Umpqua_005,43.389047165479035,-123.31267024820738,2024-04-17,Phosphate,5.41,mg/L
167,Columbia_002,45.62670356697761,-122.75012278277113,2024-02-13,Dissolved_Oxygen,2.0,mg/L
168,Deschutes_004,44.073112102303924,-121.30305593681055,2024-12-05,pH,7.23,pH
169,Columbia_002,45.63500702760428,-122.75753298224339,2024-10-12,Nitrate,0.33,mg/L
170,Umpqua_005,43.39250820759371,-123.31774657246311,2024-11-26,pH,8.58,pH
171,Willamette_001,44.95582395959984,-123.04070594338236,2024-05-07,Temperature,6.01,°C
172,Columbia_002,45.62163794626897,-122.74492008673087,2024-12-13,Nitrate,3.22,mg/L
173,Deschutes_004,44.08492999517433,-121.3100607091154,2024-08-18,Phosphate,5.78,mg/L
174,Deschutes_004,44.0602612243154,-121.33468542915884,2024-07-08,Temperature,6.68,°C
175,Willamette_001,44.95680657939532,-123.02626941064679,2024-08-12,Phosphate,9.38,mg/L
176,Rogue_003,42.424537398289694,-122.84018931346324,2024-10-09,pH,11.0,pH
177,Rogue_003,42.42456220566777,-122.8491268502599,2024-04-30,Phosphate,4.13,mg/L
178,Columbia_002,45.63277818692073,-122.72370787368699,2024-04-25,Nitrate,6.09,mg/L
179,Willamette_001,44.95301722512683,-123.02713082571327,2024-08-20,pH,4.95,pH
180,Willamette_001,44.94390487797841,-123.03186971302985,2024-09-15,Temperature,4.77,°C
181,Columbia_002,45.640539884184456,-122.76802408907494,2024-12-24,pH,8.02,pH
182,Deschutes_004,44.06725766823163,-121.31458956885825,2024-07-16,Phosphate,3.71,mg/L
183,Umpqua_005,43.412187618516974,-123.32213442870929,2024-05-16,Dissolved_Oxygen,8.06,mg/L
184,Columbia_002,45.64645917825794,-122.73625690486821,2024-11-13,Dissolved_Oxygen,7.98,mg/L
185,Willamette_001,44.95854460626795,-123.02451470141466,2024-06-13,Dissolved_Oxygen,3.58,mg/L
186,Willamette_001,44.937256312536206,-123.02373923574493,2024-08-12,pH,5.16,pH
187,Umpqua_005,43.3851510203155,-123.345539211349,2024-11-02,pH,8.9,pH
188,Umpqua_005,43.417145270681935,-123.33059385543808,2024-08-21,pH,8.87,pH
189,Rogue_003,42.426833499707385,-122.84121356490273,2024-06-20,Dissolved_Oxygen,7.42,mg/L
190,Columbia_002,45.65369440976424,-122.7538403217788,2024-05-31,Dissolved_Oxygen,6.52,mg/L
191,Umpqua_005,43.405793992391736,-123.33532735368895,2024-11-10,Phosphate,3.01,mg/L
192,Columbia_002,45.62805560241994,-122.74487156386921,2024-06-08,Phosphate,7.07,mg/L
193,Umpqua_005,43.39564843402145,-123.31183882563943,2024-04-05,Temperature,4.76,°C
194,Umpqua_005,43.393130842442076,-123.324582165193,2024-08-20,pH,4.38,pH
195,Deschutes_004,44.0513709466125,-121.33302696989544,2024-06-28,Phosphate,7.34,mg/L
196,Deschutes_004,44.074711703274936,-121.31209323677152,2024-04-22,Temperature,4.11,°C
197,Umpqua_005,43.388791776344796,-123.33599136486447,2024-11-13,Nitrate,7.28,mg/L
198,Columbia_002,45.661573082132655,-122.75605714923003,2024-02-21,Phosphate,4.19,mg/L
199,Columbia_002,45.637242727475325,-122.7512378958781,2024-09-24,Dissolved_Oxygen,1.98,mg/L
200,Umpqua_005,43.393956609284366,-123.32075817395817,2024-10-21,Dissolved_Oxygen,6.95,mg/L
201,Willamette_001,44.95575369627193,-123.05433902256549,2024-04-22,Dissolved_Oxygen,7.19,mg/L
202,Deschutes_004,44.05389110108432,-121.29805468125494,2024-04-10,Dissolved_Oxygen,5.37,mg/L
203,Columbia_002,45.641884160082974,-122.75125938972947,2024-04-22,Temperature,7.51,°C
204,Deschutes_004,44.06996047685806,-121.3175679508857,2024-03-21,Nitrate,3.57,mg/L
205,Willamette_001,44.944975375130895,-123.02718820437731,2024-07-05,Nitrate,2.49,mg/L
206,Willamette_001,44.94972841566596,-123.02425691559162,2024-04-22,Nitrate,3.15,mg/L
207,Columbia_002,45.64927840128081,-122.74942986875102,2024-01-02,Phosphate,3.71,mg/L
208,Umpqua_005,43.40229954447842,-123.32908302130966,2024-05-09,pH,7.54,pH
209,Willamette_001,44.9287048692589,-123.04114475826871,2024-08-07,Nitrate,6.72,mg/L
210,Deschutes_004,44.05778746376414,-121.3127681329989,2024-02-23,pH,6.26,pH
211,Willamette_001,44.94416922561431,-123.03167121713787,2024-12-08,Temperature,6.72,°C
212,Umpqua_005,43.38706441360833,-123.31765862452886,2024-08-11,Temperature,5.57,°C
213,Rogue_003,42.41282504265859,-122.85540153388374,2024-08-12,Dissolved_Oxygen,5.59,mg/L
214,Umpqua_005,43.3947138331825,-123.31413635981244,2024-05-05,pH,7.63,pH
215,Rogue_003,42.447022149446354,-122.84759246820511,2024-05-09,pH,7.62,pH
216,Rogue_003,42.43162669998998,-122.85856306569443,2024-02-22,Temperature,10.2,°C
217,Willamette_001,44.93775701763711,-123.03209023257286,2024-06-20,Temperature,4.72,°C
218,Columbia_002,45.64260662833151,-122.76400507960275,2024-08-05,Phosphate,3.3,mg/L
219,Rogue_003,42.444867471357995,-122.83361059172655,2024-06-08,Dissolved_Oxygen,3.03,mg/L
220,Columbia_002,45.64312491680257,-122.74680666810306,2024-07-16,Phosphate,10.25,mg/L
221,Willamette_001,44.96122175028802,-123.0236575885694,2024-09-03,Phosphate,6.55,mg/L
222,Rogue_003,42.427124089805496,-122.8594158951735,2024-11-19,Temperature,5.95,°C
223,Deschutes_004,44.066717472910774,-121.30606088026764,2024-07-21,pH,5.65,pH
224,Umpqua_005,43.3847434368543,-123.30737415896571,2024-07-02,Phosphate,3.25,mg/L
225,Willamette_001,44.941642378649796,-123.00785748476538,2024-05-02,Temperature,5.36,°C
226,Umpqua_005,43.41861315597236,-123.3011338535391,2024-09-11,Phosphate,4.41,mg/L
227,Columbia_002,45.64065593845683,-122.73909725493655,2024-10-20,Phosphate,4.39,mg/L
228,Rogue_003,42.43553272688951,-122.8549375994236,2024-10-06,Temperature,2.16,°C
229,Rogue_003,42.421139575456685,-122.85843260604292,2024-11-20,Temperature,4.14,°C
230,Deschutes_004,44.07513449743242,-121.30369188315446,2024-04-07,Nitrate,4.73,mg/L
231,Rogue_003,42.43576758066193,-122.8313819421633,2024-07-16,Nitrate,5.38,mg/L
232,Rogue_003,42.44198641371991,-122.86937362316476,2024-08-27,pH,4.85,pH
233,Umpqua_005,43.400486748383265,-123.3148826233092,2024-05-23,Nitrate,5.71,mg/L
234,Umpqua_005,43.39416587644132,-123.33300901756513,2024-04-06,Nitrate,3.29,mg/L
235,Umpqua_005,43.41390499781241,-123.33111413012134,2024-07-19,pH,6.62,pH
236,Deschutes_004,44.06099905543903,-121.30854038390287,2024-05-03,Phosphate,4.9,mg/L
237,Deschutes_004,44.04902137641651,-121.30604690537541,2024-07-05,Nitrate,5.71,mg/L
238,Willamette_001,44.94045938252254,-123.0395360461302,2024-11-21,pH,5.85,pH
239,Columbia_002,45.64714086112953,-122.74826083916166,2024-12-14,Phosphate,4.04,mg/L
240,Rogue_003,42.440530574330154,-122.82966694701396,2024-09-15,pH,6.66,pH
241,Umpqua_005,43.39271843223932,-123.32150835620605,2024-05-27,pH,9.14,pH
242,Rogue_003,42.44159791245289,-122.85376914225414,2024-09-08,pH,6.53,pH
243,Willamette_001,44.95567055517388,-123.04333157310654,2024-12-11,Temperature,2.78,°C
244,Willamette_001,44.93384868184095,-123.01835260645542,2024-05-26,Temperature,9.83,°C
245,Willamette_001,44.94458165012332,-123.02367038248491,2024-05-27,Nitrate,4.15,mg/L
246,Willamette_001,44.960120678647044,-123.05284147857482,2024-12-17,Nitrate,4.1,mg/L
247,Willamette_001,44.95551559270213,-123.03236642185531,2024-07-17,Nitrate,2.32,mg/L
248,Umpqua_005,43.38875707405794,-123.31349809619269,2024-11-03,Phosphate,7.3,mg/L
249,Columbia_002,45.651192629447756,-122.7584261992139,2024-05-07,Phosphate,4.75,mg/L
250,Deschutes_004,44.053527593620124,-121.31058881809903,2024-02-08,Dissolved_Oxygen,7.01,mg/L
251,Willamette_001,44.94046671391742,-123.02877329684006,2024-12-03,Temperature,4.03,°C
252,Umpqua_005,43.396395265957956,-123.3148858449907,2024-12-25,pH,10.25,pH
253,Willamette_001,44.9658804415607,-123.03887758005212,2024-05-08,Phosphate,5.73,mg/L
254,Rogue_003,42.428195200864096,-122.81806892432155,2024-09-23,pH,7.23,pH
255,Deschutes_004,44.05794719725805,-121.32357402959786,2024-05-30,Nitrate,3.37,mg/L
256,Deschutes_004,44.05742459779938,-121.3172945469611,2024-10-24,Phosphate,4.47,mg/L
257,Willamette_001,44.93876098533135,-123.04141764092516,2024-04-08,pH,5.11,pH
258,Columbia_002,45.66019837891654,-122.7683039113191,2024-09-19,Phosphate,6.07,mg/L
259,Columbia_002,45.63728087998927,-122.74972677239136,2024-09-08,Dissolved_Oxygen,6.58,mg/L
260,Deschutes_004,44.059058973515405,-121.31322139575191,2024-05-23,Nitrate,2.43,mg/L
261,Deschutes_004,44.05372083477402,-121.30659882293595,2024-12-11,Dissolved_Oxygen,7.01,mg/L
262,Willamette_001,44.93937606471854,-123.02571692902792,2024-04-21,Temperature,3.92,°C
263,Columbia_002,45.66589563642019,-122.74420366826786,2024-02-29,Dissolved_Oxygen,7.37,mg/L
264,Umpqua_005,43.40338483843462,-123.32295401410138,2024-01-02,Dissolved_Oxygen,5.65,mg/L
265,Deschutes_004,44.055711570643695,-121.3232793651377,2024-10-30,Phosphate,5.57,mg/L
266,Columbia_002,45.640697792134986,-122.73957980516838,2024-09-10,Dissolved_Oxygen,7.17,mg/L
267,Umpqua_005,43.39589291340897,-123.32662713771862,2024-05-19,pH,5.87,pH
268,Columbia_002,45.65217158520826,-122.73478683948078,2024-02-06,Dissolved_Oxygen,0.94,mg/L
269,Willamette_001,44.95382441417819,-123.0348909478592,2024-06-08,Temperature,5.86,°C
270,Rogue_003,42.420768673895424,-122.8449618158156,2024-01-09,pH,7.59,pH
271,Deschutes_004,44.0540582325127,-121.31335979509574,2024-08-20,pH,6.55,pH
272,Umpqua_005,43.394968547480985,-123.30556003334425,2024-04-08,Dissolved_Oxygen,5.87,mg/L
273,Deschutes_004,44.06489187130148,-121.30365278531438,2024-05-26,pH,7.7,pH
274,Columbia_002,45.6427269779353,-122.74349618211279,2024-10-30,Dissolved_Oxygen,7.22,mg/L
275,Rogue_003,42.41571969166899,-122.85572297052784,2024-07-26,Dissolved_Oxygen,1.88,mg/L
276,Rogue_003,42.42464671814046,-122.85090533282303,2024-05-10,Dissolved_Oxygen,2.36,mg/L
277,Columbia_002,45.637404533224164,-122.74261189519113,2024-05-31,Nitrate,6.03,mg/L
278,Deschutes_004,44.06888662753551,-121.31526755432655,2024-02-23,Temperature,6.23,°C
279,Deschutes_004,44.07838183676795,-121.31223465982372,2024-04-29,Dissolved_Oxygen,5.73,mg/L
280,Willamette_001,44.95799941901942,-123.04616310608436,2024-06-09,pH,6.3,pH
281,Rogue_003,42.42136048778579,-122.84571687037526,2024-04-25,Nitrate,7.1,mg/L
282,Willamette_001,44.94495169435155,-123.02204928383195,2024-03-15,Temperature,6.8,°C
283,Deschutes_004,44.05315481787783,-121.2913931555413,2024-04-22,Dissolved_Oxygen,6.7,mg/L
284,Deschutes_004,44.0507264686581,-121.30761631017265,2024-04-13,Temperature,6.72,°C
285,Umpqua_005,43.406419305349615,-123.3134671682675,2024-12-05,Nitrate,5.53,mg/L
286,Deschutes_004,44.04879577340088,-121.31109937715371,2024-09-10,pH,12.38,pH
287,Rogue_003,42.42644916101776,-122.85077533815193,2024-08-14,Phosphate,4.3,mg/L
288,Willamette_001,44.96401565737516,-123.01890945952069,2024-04-21,Temperature,6.27,°C
289,Deschutes_004,44.05325779593689,-121.31207631052983,2024-04-08,pH,8.45,pH
290,Willamette_001,44.94376394565071,-123.04548762922123,2024-06-01,Nitrate,1.5,mg/L
291,Willamette_001,44.927922490836174,-123.03220194627008,2024-12-14,Phosphate,4.12,mg/L
292,Rogue_003,42.45484467368642,-122.8570299746027,2024-12-03,Temperature,0.86,°C
293,Umpqua_005,43.39422469906492,-123.31519853863777,2024-07-12,Nitrate,7.17,mg/L
294,Rogue_003,42.422208483480716,-122.85194331545419,2024-11-05,Nitrate,10.46,mg/L
295,Willamette_001,44.94203974143197,-123.01923992861401,2024-06-11,Nitrate,4.36,mg/L
296,Umpqua_005,43.39935929699871,-123.32590275483359,2024-07-26,Dissolved_Oxygen,5.04,mg/L
297,Umpqua_005,43.392906497120634,-123.31656155176876,2024-06-17,Nitrate,7.96,mg/L
298,Umpqua_005,43.388018159673976,-123.30970778208766,2024-06-09,pH,8.54,pH
299,Columbia_002,45.64146793011986,-122.73387779371744,2024-03-08,pH,6.03,pH
300,Columbia_002,45.631677061168816,-122.77209151619088,2024-10-15,pH,8.79,pH
301,Columbia_002,45.630128204728486,-122.75131256967093,2024-10-03,Temperature,4.58,°C
302,Columbia_002,45.64511924091029,-122.75168308233962,2024-10-30,Dissolved_Oxygen,5.15,mg/L
303,Umpqua_005,43.40305319779547,-123.31944424440002,2024-05-14,Nitrate,6.62,mg/L
304,Rogue_003,42.43953136633913,-122.84712875834798,2024-07-13,Nitrate,10.09,mg/L
305,Deschutes_004,44.07686639185805,-121.30441230215439,2024-05-07,Dissolved_Oxygen,5.42,mg/L
306,Deschutes_004,44.051640459204194,-121.31102877044091,2024-02-02,Dissolved_Oxygen,6.84,mg/L
307,Columbia_002,45.62972324859074,-122.73734292159135,2024-06-24,Temperature,5.32,°C
308,Willamette_001,44.960479420617524,-123.03335395722775,2024-01-22,pH,5.27,pH
309,Deschutes_004,44.0519500933907,-121.30737637619677,2024-08-25,Dissolved_Oxygen,5.16,mg/L
310,Deschutes_004,44.05071020045678,-121.33156101031375,2024-06-06,Phosphate,7.1,mg/L
311,Deschutes_004,44.053068131727635,-121.32835657632862,2024-02-07,Nitrate,1.36,mg/L
312,Willamette_001,44.95576838167875,-123.05391721657713,2024-08-17,pH,9.34,pH
313,Columbia_002,45.63785078969711,-122.75308034284186,2024-12-30,pH,4.79,pH
314,Deschutes_004,44.06049578520485,-121.31161344211652,2024-02-20,Dissolved_Oxygen,6.56,mg/L
315,Deschutes_004,44.05790778126256,-121.32683438192221,2024-09-20,Dissolved_Oxygen,3.88,mg/L
316,Umpqua_005,43.4027187316277,-123.30841889151975,2024-10-09,Phosphate,3.39,mg/L
317,Willamette_001,44.950976758555605,-123.03114287955601,2024-01-27,pH,4.77,pH
318,Rogue_003,42.42741203937333,-122.83401352829495,2024-08-13,Dissolved_Oxygen,4.69,mg/L
319,Columbia_002,45.650708952313394,-122.75474773645483,2024-10-03,Temperature,4.17,°C
320,Deschutes_004,44.04460333480727,-121.3248627702995,2024-10-12,Phosphate,0.43,mg/L
321,Deschutes_004,44.048197070604104,-121.29427185359083,2024-04-06,Temperature,5.37,°C
322,Rogue_003,42.440622343303495,-122.85467434343825,2024-10-10,Dissolved_Oxygen,5.5,mg/L
323,Umpqua_005,43.38677900680055,-123.3311468536126,2024-11-12,Dissolved_Oxygen,5.06,mg/L
324,Rogue_003,42.43961421685368,-122.868247240469,2024-10-30,pH,8.49,pH
325,Umpqua_005,43.396420889096184,-123.31368943481978,2024-05-26,Dissolved_Oxygen,5.65,mg/L
326,Rogue_003,42.41951475886795,-122.86201030166076,2024-01-04,pH,5.69,pH
327,Columbia_002,45.6272416791343,-122.7503014426952,2024-02-04,Dissolved_Oxygen,4.1,mg/L
328,Deschutes_004,44.06257962161582,-121.3201956163172,2024-07-10,Dissolved_Oxygen,3.86,mg/L
329,Columbia_002,45.61902104558691,-122.75678529335364,2024-02-18,Dissolved_Oxygen,3.81,mg/L
330,Deschutes_004,44.0587538220381,-121.32172591608852,2024-01-17,Nitrate,5.15,mg/L
331,Deschutes_004,44.076415269486446,-121.31083601138592,2024-06-20,pH,6.9,pH
332,Rogue_003,42.41185126955626,-122.83063610697431,2024-08-07,Nitrate,1.15,mg/L
333,Rogue_003,42.43674401241494,-122.84463608627715,2024-06-06,Dissolved_Oxygen,4.56,mg/L
334,Rogue_003,42.4511035436782,-122.86168544314656,2024-02-15,Phosphate,5.61,mg/L
335,Deschutes_004,44.05992270777745,-121.32384646620694,2024-01-06,Temperature,5.33,°C
336,Rogue_003,42.435935567222806,-122.87940388634664,2024-04-08,Dissolved_Oxygen,6.93,mg/L
337,Umpqua_005,43.3975858558958,-123.3104803963649,2024-08-20,Phosphate,8.91,mg/L
338,Columbia_002,45.651453891885474,-122.75531556937243,2024-02-06,Temperature,7.2,°C
339,Rogue_003,42.42643528362632,-122.85613796876842,2024-10-06,Nitrate,4.75,mg/L
340,Umpqua_005,43.40466725467592,-123.31514037717072,2024-12-14,Temperature,5.38,°C
341,Willamette_001,44.953131188297476,-123.01460393151999,2024-10-28,pH,5.76,pH
342,Deschutes_004,44.05207580079,-121.31307961529639,2024-06-29,Dissolved_Oxygen,3.61,mg/L
343,Deschutes_004,44.066086074423566,-121.31463268955662,2024-04-04,Temperature,5.06,°C
344,Columbia_002,45.63863552536646,-122.76617833905559,2024-04-08,Phosphate,4.56,mg/L
345,Columbia_002,45.65235711739299,-122.7457350418108,2024-07-06,Phosphate,6.96,mg/L
346,Rogue_003,42.43059552968314,-122.8534188773617,2024-04-25,Dissolved_Oxygen,4.32,mg/L
347,Willamette_001,44.950231387230986,-123.04652918697839,2024-07-09,Nitrate,5.16,mg/L
348,Willamette_001,44.919804878441795,-123.02816150455246,2024-09-09,Nitrate,7.41,mg/L
349,Columbia_002,45.641890924938394,-122.76105353317553,2024-06-09,pH,5.7,pH
350,Deschutes_004,44.04915466206708,-121.32016249174458,2024-09-12,pH,8.56,pH
351,Deschutes_004,44.06427455924995,-121.32123060560144,2024-11-18,Temperature,5.45,°C
352,Columbia_002,45.645562175789976,-122.74187760219061,2024-05-07,Phosphate,4.35,mg/L
353,Willamette_001,44.947862878480045,-123.02439693558676,2024-01-18,pH,5.26,pH
354,Columbia_002,45.631415500596255,-122.7387441222896,2024-10-07,Nitrate,3.77,mg/L
355,Rogue_003,42.42180742140278,-122.85476220873544,2024-08-10,Nitrate,2.31,mg/L
356,Deschutes_004,44.058404054381754,-121.30055028334611,2024-02-23,Phosphate,6.75,mg/L
357,Willamette_001,44.95341728914741,-123.02921651331037,2024-02-27,pH,5.5,pH
358,Deschutes_004,44.064615124050164,-121.30096519291459,2024-11-18,Dissolved_Oxygen,3.89,mg/L
359,Umpqua_005,43.40199487942277,-123.32658273443201,2024-12-25,Temperature,4.66,°C
360,Deschutes_004,44.05382348104566,-121.31316072856028,2024-06-22,Nitrate,4.21,mg/L
361,Rogue_003,42.43139776969766,-122.84592074982486,2024-10-06,Dissolved_Oxygen,4.12,mg/L
362,Deschutes_004,44.05003767943778,-121.3106154327388,2024-04-23,Nitrate,4.75,mg/L
363,Rogue_003,42.41673904940953,-122.83378399900234,2024-10-14,pH,7.44,pH
364,Willamette_001,44.95392465141127,-123.02370405863606,2024-12-07,Nitrate,3.76,mg/L
365,Willamette_001,44.96602253225607,-123.03742006135657,2024-05-30,pH,8.94,pH
366,Deschutes_004,44.06138298689786,-121.3133991450577,2024-05-06,Phosphate,4.16,mg/L
367,Willamette_001,44.95517196834539,-123.02770127791877,2024-06-03,pH,9.0,pH
368,Umpqua_005,43.3977140008466,-123.32994349374607,2024-09-29,Phosphate,7.96,mg/L
369,Willamette_001,44.92590111832894,-123.03077372391333,2024-04-13,Dissolved_Oxygen,6.56,mg/L
370,Rogue_003,42.43022465892812,-122.84452880884824,2024-10-25,Nitrate,5.03,mg/L
371,Willamette_001,44.946714650915375,-123.03441968197254,2024-09-02,pH,3.61,pH
372,Deschutes_004,44.05236851176856,-121.30864246120082,2024-06-24,Dissolved_Oxygen,4.33,mg/L
373,Willamette_001,44.93712224554702,-123.04206271309283,2024-02-08,Phosphate,4.48,mg/L
374,Columbia_002,45.64955707956121,-122.73080999106782,2024-06-18,pH,4.44,pH
375,Rogue_003,42.43050887701856,-122.84826658335629,2024-09-03,Temperature,5.33,°C
376,Willamette_001,44.93399096021524,-123.0382849702478,2024-01-26,Temperature,5.49,°C
377,Rogue_003,42.42202997196418,-122.83328517108818,2024-12-20,Temperature,3.51,°C
378,Deschutes_004,44.06151618827361,-121.30974573297388,2024-11-01,Phosphate,4.78,mg/L
379,Umpqua_005,43.40051626376711,-123.32205727590828,2024-01-13,pH,8.07,pH
380,Rogue_003,42.42624803619676,-122.85317715096755,2024-11-11,Phosphate,3.7,mg/L
381,Columbia_002,45.65412994755627,-122.74674292642187,2024-11-08,Nitrate,5.79,mg/L
382,Deschutes_004,44.07122863953734,-121.30482456224188,2024-02-05,pH,6.26,pH
383,Deschutes_004,44.060623156454305,-121.29885483715782,2024-06-21,pH,5.59,pH
384,Columbia_002,45.62429006644325,-122.75015652061622,2024-01-20,Temperature,7.23,°C
385,Willamette_001,44.94214320403388,-123.02544381380476,2024-11-16,Phosphate,7.07,mg/L
386,Umpqua_005,43.38692425616109,-123.31808339108265,2024-09-20,Phosphate,4.7,mg/L
387,Rogue_003,42.429552351926134,-122.85838689523703,2024-05-21,Temperature,6.91,°C
388,Rogue_003,42.40624333988907,-122.84401750625369,2024-05-22,Temperature,5.81,°C
389,Deschutes_004,44.063318438632585,-121.31423776411448,2024-04-01,Nitrate,5.1,mg/L
390,Rogue_003,42.43425887206193,-122.84980852222584,2024-12-19,Phosphate,1.77,mg/L
391,Umpqua_005,43.398090962082726,-123.3128024205785,2024-11-17,Phosphate,8.61,mg/L
392,Willamette_001,44.95306014398018,-123.01945333687956,2024-10-14,Dissolved_Oxygen,2.41,mg/L
393,Umpqua_005,43.41269678839602,-123.3063300956732,2024-08-02,Phosphate,3.9,mg/L
394,Umpqua_005,43.408823330623235,-123.32452090332832,2024-12-07,Phosphate,5.47,mg/L
395,Rogue_003,42.41543162130607,-122.815041222104,2024-02-20,Temperature,3.89,°C
396,Willamette_001,44.96419603004514,-123.03600423565739,2024-06-01,Dissolved_Oxygen,2.07,mg/L
397,Rogue_003,42.4358773165248,-122.83808041143882,2024-07-04,Dissolved_Oxygen,5.2,mg/L
398,Deschutes_004,44.040298961822884,-121.30107402661702,2024-03-03,Temperature,3.82,°C
399,Deschutes_004,44.05402290486267,-121.32526270996722,2024-07-08,Nitrate,3.58,mg/L
400,Willamette_001,44.94592963687074,-123.02313681543043,2024-05-04,Temperature,5.07,°C
401,Umpqua_005,43.41983386234852,-123.31450769203498,2024-05-29,pH,3.92,pH
402,Columbia_002,45.63101215951677,-122.76330313625739,2024-11-09,Dissolved_Oxygen,10.27,mg/L
403,Columbia_002,45.63594589992386,-122.75360891419425,2024-02-27,Temperature,7.82,°C
404,Deschutes_004,44.04747606555587,-121.30636368117375,2024-12-07,Temperature,1.94,°C
405,Rogue_003,42.443851489252125,-122.84322840287933,2024-10-31,pH,4.24,pH
406,Willamette_001,44.94347042008742,-123.01786618600094,2024-06-28,Dissolved_Oxygen,4.27,mg/L
407,Deschutes_004,44.072478111979166,-121.31167196143073,2024-06-18,Dissolved_Oxygen,0.85,mg/L
408,Umpqua_005,43.39324291920838,-123.31965847582511,2024-11-21,Nitrate,6.33,mg/L
409,Columbia_002,45.63250968529045,-122.73782626430248,2024-09-27,Temperature,2.94,°C
410,Umpqua_005,43.382741932712094,-123.32677564652334,2024-02-23,Temperature,6.64,°C
411,Umpqua_005,43.39076474608231,-123.32358609319456,2024-04-10,Nitrate,3.29,mg/L
412,Deschutes_004,44.04828330141933,-121.30857984587745,2024-09-20,Temperature,3.35,°C
413,Rogue_003,42.435225141052655,-122.84581601779111,2024-02-22,Phosphate,3.34,mg/L
414,Rogue_003,42.407593262135805,-122.8529379665014,2024-02-29,Phosphate,7.8,mg/L
415,Deschutes_004,44.049406873788826,-121.30286938819074,2024-04-17,Nitrate,5.34,mg/L
416,Rogue_003,42.42951393105127,-122.84551386896682,2024-01-05,pH,8.92,pH
417,Columbia_002,45.642203815827884,-122.75204923791775,2024-04-12,Dissolved_Oxygen,4.45,mg/L
418,Willamette_001,44.94631774724759,-123.03459730731375,2024-07-14,Temperature,4.86,°C
419,Deschutes_004,44.07141132731532,-121.29365865006511,2024-09-18,pH,8.47,pH
420,Willamette_001,44.962914035482164,-123.06386813761489,2024-12-30,Dissolved_Oxygen,0.71,mg/L
421,Deschutes_004,44.05676762035478,-121.29924606554354,2024-12-15,Phosphate,5.51,mg/L
422,Deschutes_004,44.07882292233835,-121.30990068980267,2024-02-16,Dissolved_Oxygen,5.73,mg/L
423,Willamette_001,44.96349739529551,-123.03180760489796,2024-12-20,Nitrate,0.33,mg/L
424,Umpqua_005,43.40187164020486,-123.31770073532105,2024-11-06,Dissolved_Oxygen,1.1,mg/L
425,Deschutes_004,44.05607987360081,-121.29940063615953,2024-11-03,pH,8.39,pH
426,Rogue_003,42.43069746848841,-122.85639764527444,2024-05-23,Phosphate,6.23,mg/L
427,Umpqua_005,43.387198746930665,-123.32112247466951,2024-09-25,Dissolved_Oxygen,4.27,mg/L
428,Deschutes_004,44.05464198536948,-121.32707357957594,2024-05-03,Temperature,6.41,°C
429,Rogue_003,42.429594816499645,-122.84299074284563,2024-04-15,Temperature,5.33,°C
430,Rogue_003,42.427057351282066,-122.85528036997853,2024-06-06,Temperature,6.71,°C
431,Columbia_002,45.63957664341802,-122.74886903862179,2024-05-26,Phosphate,5.81,mg/L
432,Deschutes_004,44.06890198411125,-121.29964750665276,2024-05-24,Nitrate,3.12,mg/L
433,Willamette_001,44.933387568372936,-123.03828515436138,2024-04-29,Nitrate,2.78,mg/L
434,Willamette_001,44.94078140186875,-123.04003957372082,2024-11-14,Dissolved_Oxygen,3.67,mg/L
435,Columbia_002,45.641768208721395,-122.75546680084587,2024-10-01,Phosphate,3.56,mg/L
436,Deschutes_004,44.07498582572012,-121.29752243165925,2024-04-01,Dissolved_Oxygen,4.46,mg/L
437,Umpqua_005,43.414550605824815,-123.33655062992332,2024-02-27,Phosphate,3.19,mg/L
438,Willamette_001,44.9565560142755,-123.04536523614944,2024-12-11,Dissolved_Oxygen,9.27,mg/L
439,Umpqua_005,43.403405892164,-123.31609304079072,2024-08-16,pH,8.1,pH
440,Columbia_002,45.64142055811594,-122.75500881441302,2024-04-26,Nitrate,2.35,mg/L
441,Umpqua_005,43.4072258850162,-123.31242094603888,2024-11-13,pH,7.14,pH
442,Willamette_001,44.94976447849126,-123.03174354257904,2024-10-05,Phosphate,7.92,mg/L
443,Rogue_003,42.431896608770636,-122.86605465089718,2024-05-06,pH,7.63,pH
444,Umpqua_005,43.417495839042054,-123.30618545921308,2024-05-08,Dissolved_Oxygen,4.12,mg/L
445,Willamette_001,44.940267576866276,-123.02640816950807,2024-02-27,Nitrate,6.62,mg/L
446,Willamette_001,44.94753690244634,-123.0230222309899,2024-05-01,Nitrate,6.14,mg/L
447,Columbia_002,45.626504511518256,-122.76718750892861,2024-01-01,Dissolved_Oxygen,5.92,mg/L
448,Columbia_002,45.64499685110303,-122.7452799772908,2024-08-26,Phosphate,7.55,mg/L
449,Rogue_003,42.44325964674285,-122.86676908473969,2024-10-16,Temperature,4.05,°C
450,Rogue_003,42.42606390562651,-122.83530201073722,2024-04-05,Dissolved_Oxygen,5.19,mg/L
451,Umpqua_005,43.4028486864349,-123.31189654984463,2024-05-05,Dissolved_Oxygen,1.56,mg/L
452,Willamette_001,44.947691336261556,-123.01546739336679,2024-04-27,Phosphate,4.46,mg/L
453,Umpqua_005,43.38982676092203,-123.33615366451276,2024-02-17,Phosphate,6.66,mg/L
454,Deschutes_004,44.05450442864092,-121.3014041211302,2024-03-29,Dissolved_Oxygen,0.93,mg/L
455,Rogue_003,42.43004093007676,-122.84206830633207,2024-08-24,Phosphate,3.62,mg/L
456,Willamette_001,44.96749224202527,-123.04018249644328,2024-09-28,Dissolved_Oxygen,4.97,mg/L
457,Willamette_001,44.93961140210214,-123.02864281409452,2024-07-07,Temperature,6.09,°C
458,Deschutes_004,44.05668691616817,-121.31612236734507,2024-07-10,Dissolved_Oxygen,5.33,mg/L
459,Deschutes_004,44.04340244414522,-121.3314480270255,2024-03-09,pH,7.2,pH
460,Columbia_002,45.64110682405656,-122.74874300177822,2024-10-04,pH,8.07,pH
461,Umpqua_005,43.41449030231279,-123.32900647118227,2024-12-14,pH,4.23,pH
462,Willamette_001,44.94525302230363,-123.019668814846,2024-09-03,Temperature,3.47,°C
463,Willamette_001,44.9548268788721,-123.02579905509548,2024-03-16,Temperature,6.84,°C
464,Willamette_001,44.95473632076812,-123.03926381129982,2024-06-02,Nitrate,6.21,mg/L
465,Umpqua_005,43.39704910085762,-123.31024183280654,2024-05-23,pH,6.17,pH
466,Columbia_002,45.63011731141823,-122.76782704743448,2024-03-26,Nitrate,6.84,mg/L
467,Columbia_002,45.62741495089325,-122.75217017050424,2024-07-03,Dissolved_Oxygen,3.58,mg/L
468,Willamette_001,44.93582376065815,-123.02400140700165,2024-10-11,Phosphate,4.38,mg/L
469,Rogue_003,42.43038233435216,-122.83501905437429,2024-08-07,pH,7.52,pH
470,Willamette_001,44.94153087671683,-123.01280153788898,2024-03-09,Dissolved_Oxygen,3.99,mg/L
471,Columbia_002,45.6293821894604,-122.72763700379151,2024-02-16,Nitrate,3.76,mg/L
472,Umpqua_005,43.399577986056876,-123.30068560848872,2024-04-03,Temperature,7.77,°C
473,Umpqua_005,43.399550454132275,-123.33017333656754,2024-08-25,Temperature,5.71,°C
474,Columbia_002,45.650924985380854,-122.74284047582316,2024-07-22,Nitrate,5.06,mg/L
475,Umpqua_005,43.392350080512436,-123.29971371075729,2024-08-05,Nitrate,4.91,mg/L
476,Columbia_002,45.64349812342549,-122.74422974173332,2024-12-06,pH,8.92,pH
477,Willamette_001,44.94900619669874,-123.0334539315467,2024-02-08,Nitrate,7.13,mg/L
478,Willamette_001,44.95333727863562,-123.03297610962117,2024-04-09,Temperature,4.45,°C
479,Umpqua_005,43.39801523484924,-123.32897046430645,2024-10-15,Dissolved_Oxygen,4.93,mg/L
480,Deschutes_004,44.06663656027938,-121.3053633342832,2024-09-10,Nitrate,3.65,mg/L
481,Deschutes_004,44.063559771239596,-121.307073486126,2024-08-09,Nitrate,4.93,mg/L
482,Deschutes_004,44.041234472939585,-121.30380288554034,2024-12-22,Temperature,5.02,°C
483,Rogue_003,42.41529091242813,-122.85186771914195,2024-01-23,Dissolved_Oxygen,2.49,mg/L
484,Rogue_003,42.438970661968874,-122.83725124958721,2024-09-06,pH,5.76,pH
485,Rogue_003,42.42595395854887,-122.8538953499128,2024-01-10,Dissolved_Oxygen,7.22,mg/L
486,Deschutes_004,44.06268533986465,-121.29486990733996,2024-09-02,Phosphate,7.1,mg/L
487,Willamette_001,44.964558223221474,-123.02295493460176,2024-11-20,pH,7.91,pH
488,Columbia_002,45.644097627959596,-122.75861087910174,2024-04-09,pH,8.58,pH
489,Deschutes_004,44.04898859712023,-121.3214915488424,2024-10-16,Temperature,8.16,°C
490,Columbia_002,45.64639269537857,-122.76466207830896,2024-06-28,Nitrate,1.78,mg/L
491,Umpqua_005,43.40941310580767,-123.33032523903528,2024-08-10,Phosphate,5.38,mg/L
492,Columbia_002,45.630121693190794,-122.74066767551685,2024-09-06,Temperature,5.8,°C
493,Rogue_003,42.42312615687909,-122.84149352332217,2024-05-26,Nitrate,3.48,mg/L
494,Deschutes_004,44.05092243819853,-121.29480716076358,2024-04-05,Dissolved_Oxygen,4.69,mg/L
495,Columbia_002,45.64543379568945,-122.73369332222762,2024-09-13,Phosphate,4.84,mg/L
496,Rogue_003,42.41577993475092,-122.83894939270196,2024-11-20,Dissolved_Oxygen,9.84,mg/L
497,Umpqua_005,43.39706152963653,-123.30960604946956,2024-01-04,pH,3.47,pH
498,Columbia_002,45.645522999376794,-122.74374369066354,2024-01-16,Temperature,5.99,°C
499,Deschutes_004,44.074347349796646,-121.31460076254133,2024-10-06,Phosphate,3.1,mg/L
500,Umpqua_005,43.4098009353507,-123.31644110622445,2024-12-01,Temperature,4.87,°C
501,Willamette_001,44.95103797181096,-123.01103261818004,2024-09-03,Dissolved_Oxygen,8.45,mg/L
502,Columbia_002,45.647438766245145,-122.74410051515446,2024-09-14,Phosphate,3.55,mg/L
503,Umpqua_005,43.406124687940135,-123.33016683128575,2024-06-08,Dissolved_Oxygen,6.51,mg/L
504,Deschutes_004,44.07214797056895,-121.31597568635767,2024-12-05,Dissolved_Oxygen,4.51,mg/L
505,Rogue_003,42.43691881144855,-122.83665096752156,2024-05-31,pH,4.6,pH
506,Rogue_003,42.45012270445701,-122.83976290453893,2024-06-26,Phosphate,6.26,mg/L
507,Umpqua_005,43.41754775544847,-123.30231228216739,2024-06-11,Temperature,8.27,°C
508,Rogue_003,42.43499864123741,-122.86399306174802,2024-02-02,Nitrate,4.02,mg/L
509,Rogue_003,42.40899973492348,-122.84374491983168,2024-06-27,Phosphate,5.74,mg/L
510,Willamette_001,44.95938221997656,-123.03354937451432,2024-04-10,Dissolved_Oxygen,6.77,mg/L
511,Rogue_003,42.43153440975954,-122.8482222107707,2024-09-24,Temperature,3.96,°C
512,Columbia_002,45.64750286910081,-122.74400768052887,2024-11-18,Dissolved_Oxygen,5.11,mg/L
513,Willamette_001,44.944656869977244,-123.02362628022412,2024-03-05,pH,7.19,pH
514,Columbia_002,45.63820850242337,-122.76268014207383,2024-06-16,pH,6.87,pH
515,Deschutes_004,44.06134472842063,-121.30785432596626,2024-11-25,Dissolved_Oxygen,5.88,mg/L
516,Willamette_001,44.95151110437285,-123.02234723561635,2024-02-12,Phosphate,6.94,mg/L
517,Deschutes_004,44.05850994800636,-121.30068428731319,2024-02-13,Dissolved_Oxygen,3.39,mg/L
518,Rogue_003,42.44212820985032,-122.85503435559161,2024-10-11,Temperature,5.52,°C
519,Willamette_001,44.943634742768246,-123.02133680049738,2024-01-12,Dissolved_Oxygen,3.79,mg/L
520,Willamette_001,44.94817579002848,-123.03484628764004,2024-04-04,Temperature,8.22,°C
521,Umpqua_005,43.40308450108331,-123.32666284200509,2024-10-28,pH,7.69,pH
522,Deschutes_004,44.05823225836885,-121.32548618298864,2024-09-09,Phosphate,4.64,mg/L
523,Columbia_002,45.614626114039304,-122.75411389830028,2024-08-29,pH,9.46,pH
524,Umpqua_005,43.39551283431335,-123.309095656586,2024-02-04,pH,6.03,pH
525,Deschutes_004,44.07500571368963,-121.31076096768612,2024-08-02,Temperature,6.7,°C
526,Columbia_002,45.63839262558688,-122.73964152695132,2024-12-02,Dissolved_Oxygen,2.57,mg/L
527,Columbia_002,45.64983117632977,-122.76145658571166,2024-03-30,Nitrate,3.01,mg/L
528,Willamette_001,44.96129473589344,-123.02318309310097,2024-09-20,Phosphate,3.99,mg/L
529,Columbia_002,45.63500615701409,-122.73297303511652,2024-04-02,Temperature,2.63,°C
530,Deschutes_004,44.0709072358615,-121.2970948458113,2024-03-30,pH,6.85,pH
531,Willamette_001,44.95242157490741,-123.03713890987433,2024-04-24,Dissolved_Oxygen,4.39,mg/L
532,Umpqua_005,43.41904136589573,-123.30374041084637,2024-04-14,Temperature,8.38,°C
533,Columbia_002,45.649619566195554,-122.74767405091772,2024-07-14,pH,5.24,pH
534,Rogue_003,42.4384711831898,-122.85196327556025,2024-11-09,Temperature,4.56,°C
535,Umpqua_005,43.40800748021323,-123.30761762059353,2024-04-23,Nitrate,3.61,mg/L
536,Umpqua_005,43.40519999075798,-123.3297783720037,2024-03-15,Temperature,3.25,°C
537,Willamette_001,44.95538919185144,-123.0270381519527,2024-08-04,Temperature,4.28,°C
538,Deschutes_004,44.053626922529716,-121.30541613296448,2024-10-03,pH,7.75,pH
539,Willamette_001,44.94738294932322,-123.02170870172664,2024-09-05,Nitrate,3.57,mg/L
540,Umpqua_005,43.40292192728326,-123.32187329018406,2024-06-12,Dissolved_Oxygen,4.95,mg/L
541,Umpqua_005,43.40998816644778,-123.30627883153427,2024-12-22,Nitrate,6.48,mg/L
542,Willamette_001,44.94473752143483,-123.01611662221792,2024-07-10,Temperature,6.21,°C
543,Columbia_002,45.64750278144199,-122.74868580655959,2024-08-14,Temperature,7.26,°C
544,Rogue_003,42.426226784898816,-122.82974192908088,2024-06-25,pH,6.19,pH
545,Deschutes_004,44.07724696649761,-121.31287447519401,2024-04-08,Temperature,0.83,°C
546,Rogue_003,42.41446867946631,-122.8530149736352,2024-02-05,Dissolved_Oxygen,5.57,mg/L
547,Deschutes_004,44.06086428517079,-121.30118928426377,2024-04-05,Nitrate,5.26,mg/L
548,Columbia_002,45.63464664912984,-122.7464154638179,2024-05-31,Dissolved_Oxygen,8.11,mg/L
549,Willamette_001,44.93881725845435,-123.02257140520423,2024-05-30,Nitrate,6.51,mg/L
550,Columbia_002,45.63567876290676,-122.73435380258839,2024-07-08,Temperature,5.23,°C
551,Willamette_001,44.93795306717172,-123.02494595726569,2024-08-11,Nitrate,3.59,mg/L
552,Deschutes_004,44.075781180575625,-121.30014550314385,2024-02-06,Dissolved_Oxygen,5.39,mg/L
553,Deschutes_004,44.076600424894835,-121.33194248243545,2024-09-24,Phosphate,7.77,mg/L
554,Willamette_001,44.94439813474782,-123.05022461584721,2024-07-01,Dissolved_Oxygen,5.19,mg/L
555,Columbia_002,45.65472670675751,-122.7560398062597,2024-01-13,Nitrate,6.75,mg/L
556,Rogue_003,42.42179823120954,-122.86251378246426,2024-10-05,pH,6.54,pH
557,Willamette_001,44.93845305257367,-123.04095400903009,2024-08-04,pH,6.06,pH
558,Umpqua_005,43.40264297821975,-123.31274800527326,2024-12-20,Nitrate,5.6,mg/L
559,Columbia_002,45.65747363197916,-122.7406780843574,2024-12-26,Dissolved_Oxygen,3.1,mg/L
560,Deschutes_004,44.05729840007618,-121.30406073265577,2024-10-12,pH,6.53,pH
561,Willamette_001,44.95076988419725,-123.01981426696814,2024-09-29,Nitrate,5.3,mg/L
562,Deschutes_004,44.06229314128435,-121.29287332287161,2024-03-02,Temperature,5.58,°C
563,Umpqua_005,43.38375202009897,-123.33209034396988,2024-03-24,Phosphate,6.56,mg/L
564,Willamette_001,44.95911362722175,-123.02894246208729,2024-08-04,Phosphate,4.52,mg/L
565,Deschutes_004,44.061884677290664,-121.30933185116822,2024-12-07,pH,5.18,pH
566,Rogue_003,42.43664714086309,-122.84909031023224,2024-07-05,Phosphate,7.15,mg/L
567,Rogue_003,42.43168401956935,-122.85208999960693,2024-01-19,Temperature,4.52,°C
568,Rogue_003,42.41575416360269,-122.84557214474678,2024-06-25,Temperature,3.72,°C
569,Rogue_003,42.45080765904039,-122.86744330719277,2024-04-09,Phosphate,5.85,mg/L
570,Umpqua_005,43.38092192442122,-123.32860385010778,2024-08-20,Temperature,6.16,°C
571,Deschutes_004,44.0788768765734,-121.30443446875466,2024-03-16,Nitrate,4.17,mg/L
572,Willamette_001,44.93134454898922,-123.01971345620544,2024-09-21,Nitrate,2.33,mg/L
573,Umpqua_005,43.40420117998252,-123.31919293373612,2024-10-10,Nitrate,4.02,mg/L
574,Umpqua_005,43.395594035315334,-123.3095938139399,2024-07-24,Nitrate,3.74,mg/L
575,Umpqua_005,43.38698656473164,-123.3151555339472,2024-08-10,Dissolved_Oxygen,3.89,mg/L
576,Rogue_003,42.41130258300304,-122.85388520775183,2024-02-21,Temperature,5.92,°C
577,Rogue_003,42.4495717453364,-122.85026831843709,2024-12-04,pH,7.67,pH
578,Deschutes_004,44.06160577349616,-121.30946692579401,2024-05-23,Dissolved_Oxygen,3.97,mg/L
579,Willamette_001,44.951704637709966,-123.03962732565284,2024-03-09,Nitrate,4.31,mg/L
580,Rogue_003,42.43076238227682,-122.85179799445152,2024-04-08,Dissolved_Oxygen,4.59,mg/L
581,Rogue_003,42.41908388805372,-122.85636826449723,2024-01-25,Dissolved_Oxygen,6.47,mg/L
582,Rogue_003,42.42711451304124,-122.85783753521123,2024-02-22,Phosphate,1.28,mg/L
583,Umpqua_005,43.40299907438367,-123.32705605780471,2024-05-30,Phosphate,1.48,mg/L
584,Rogue_003,42.43099069075923,-122.86517306215679,2024-05-23,pH,5.12,pH
585,Columbia_002,45.62423648291101,-122.74646452136801,2024-02-26,Dissolved_Oxygen,5.03,mg/L
586,Deschutes_004,44.04482462867985,-121.31996035127703,2024-02-08,Dissolved_Oxygen,4.49,mg/L
587,Rogue_003,42.42911080299481,-122.8548868763015,2024-04-18,Phosphate,4.56,mg/L
588,Columbia_002,45.64302311305148,-122.74247172786191,2024-06-29,Dissolved_Oxygen,7.7,mg/L
589,Columbia_002,45.62882813538293,-122.75185845752193,2024-02-11,Temperature,1.07,°C
590,Columbia_002,45.620488981359614,-122.74856412063495,2024-07-04,Phosphate,5.62,mg/L
591,Deschutes_004,44.062262288205844,-121.29997583541328,2024-08-10,Dissolved_Oxygen,7.5,mg/L
592,Deschutes_004,44.0513611703941,-121.29720535068343,2024-05-01,Nitrate,7.17,mg/L
593,Rogue_003,42.425256545580964,-122.84926565480758,2024-05-12,Nitrate,7.69,mg/L
594,Willamette_001,44.954435017205846,-123.04151868384587,2024-06-11,Phosphate,4.33,mg/L
595,Umpqua_005,43.4126131810185,-123.32327823526342,2024-08-02,pH,2.5,pH
596,Willamette_001,44.94159529064314,-123.03224745620516,2024-08-08,Phosphate,4.32,mg/L
597,Willamette_001,44.966554071130886,-123.03483561483847,2024-08-22,Nitrate,7.1,mg/L
598,Rogue_003,42.42626337921736,-122.85507271410593,2024-11-26,Temperature,3.78,°C
599,Columbia_002,45.626110148638276,-122.75691374497414,2024-05-25,pH,6.22,pH
600,Columbia_002,45.64958204917294,-122.76966439269135,2024-08-26,pH,9.09,pH
601,Columbia_002,45.6297883754244,-122.74526528100965,2024-03-16,Phosphate,6.9,mg/L
602,Deschutes_004,44.04838067508344,-121.31308907531606,2024-01-09,pH,6.46,pH
603,Umpqua_005,43.39451250866585,-123.33985461020417,2024-03-14,Nitrate,6.27,mg/L
604,Deschutes_004,44.03093011780678,-121.31374822056623,2024-09-09,Temperature,3.78,°C
605,Rogue_003,42.44842903048305,-122.85651064001914,2024-08-17,pH,8.0,pH
606,Umpqua_005,43.40099925172217,-123.31134247266989,2024-01-07,Dissolved_Oxygen,3.73,mg/L
607,Willamette_001,44.94756096778675,-123.02613692118219,2024-06-22,pH,5.02,pH
608,Umpqua_005,43.39054253939303,-123.31391753808315,2024-05-20,Dissolved_Oxygen,4.22,mg/L
609,Umpqua_005,43.39247564762647,-123.33466785190615,2024-06-16,pH,5.0,pH
610,Willamette_001,44.95978422112028,-123.02477857454066,2024-06-18,pH,6.0,pH
611,Columbia_002,45.633041385798556,-122.73598570997734,2024-10-09,Temperature,5.96,°C
612,Umpqua_005,43.40892953870109,-123.30170379798284,2024-05-01,pH,4.72,pH
613,Umpqua_005,43.379353025100414,-123.30460259237323,2024-07-12,Dissolved_Oxygen,1.63,mg/L
614,Umpqua_005,43.39341709758741,-123.32392429554457,2024-01-05,Dissolved_Oxygen,7.21,mg/L
615,Umpqua_005,43.424292826429514,-123.3219600683347,2024-01-29,pH,8.11,pH
616,Rogue_003,42.43552567390657,-122.86108059038116,2024-06-13,pH,3.67,pH
617,Umpqua_005,43.41309144386918,-123.32720229087518,2024-12-04,Phosphate,5.92,mg/L
618,Rogue_003,42.43900398588395,-122.84548774680681,2024-05-15,Phosphate,5.04,mg/L
619,Deschutes_004,44.076884421557466,-121.29376736814514,2024-12-30,Dissolved_Oxygen,6.8,mg/L
620,Deschutes_004,44.06917967670667,-121.31765860090087,2024-11-16,pH,8.83,pH
621,Umpqua_005,43.40757495149337,-123.30629463856003,2024-12-07,Phosphate,2.9,mg/L
622,Columbia_002,45.628351890606616,-122.74390901393558,2024-05-24,Temperature,6.39,°C
623,Willamette_001,44.9534235117903,-123.04594328493282,2024-11-22,pH,5.69,pH
624,Willamette_001,44.950789278190726,-123.03303638536988,2024-08-04,pH,10.39,pH
625,Willamette_001,44.962288392950725,-123.0231059506322,2024-10-27,Phosphate,4.88,mg/L
626,Deschutes_004,44.0716688787569,-121.30490463704564,2024-05-11,Dissolved_Oxygen,7.21,mg/L
627,Columbia_002,45.65281659216784,-122.7428320120201,2024-10-18,Temperature,5.77,°C
628,Umpqua_005,43.40263569073535,-123.32327052558753,2024-03-10,Phosphate,0.79,mg/L
629,Columbia_002,45.638677569458764,-122.76592143527795,2024-09-08,pH,7.27,pH
630,Umpqua_005,43.41304088460047,-123.30161231576233,2024-10-01,pH,8.75,pH
631,Umpqua_005,43.39624623044407,-123.32564377214018,2024-12-29,Dissolved_Oxygen,3.4,mg/L
632,Deschutes_004,44.06665416823692,-121.29058782563537,2024-06-30,Nitrate,4.86,mg/L
633,Deschutes_004,44.06287133354123,-121.29464851279992,2024-06-15,Nitrate,3.48,mg/L
634,Rogue_003,42.41702490360018,-122.85757856196005,2024-03-31,Dissolved_Oxygen,3.69,mg/L
635,Umpqua_005,43.402265919914925,-123.30441278787156,2024-07-20,Dissolved_Oxygen,7.66,mg/L
636,Umpqua_005,43.39459746996664,-123.33345831784541,2024-12-11,pH,4.83,pH
637,Willamette_001,44.94816153119278,-123.04962707580009,2024-01-19,pH,5.41,pH
638,Umpqua_005,43.41676393027208,-123.32945506879942,2024-02-08,Nitrate,4.21,mg/L
639,Umpqua_005,43.392350547591214,-123.32789141628392,2024-05-05,Dissolved_Oxygen,7.7,mg/L
640,Deschutes_004,44.06780815427815,-121.31624600906768,2024-06-21,Temperature,5.69,°C
641,Rogue_003,42.44439445715153,-122.85459548941161,2024-05-20,Dissolved_Oxygen,6.49,mg/L
642,Umpqua_005,43.39638537233306,-123.31583553961897,2024-08-29,Temperature,1.52,°C
643,Deschutes_004,44.061955091501574,-121.32057057167717,2024-08-07,Phosphate,1.39,mg/L
644,Willamette_001,44.960183553842285,-123.02534653826473,2024-05-05,pH,5.08,pH
645,Rogue_003,42.42955239692388,-122.85074246665984,2024-02-27,pH,5.5,pH
646,Rogue_003,42.44970864270718,-122.85019468699076,2024-05-27,Phosphate,4.67,mg/L
647,Deschutes_004,44.062388293861865,-121.30654924623055,2024-11-12,Nitrate,6.67,mg/L
648,Rogue_003,42.423006817921724,-122.83837541713407,2024-12-26,Temperature,7.57,°C
649,Rogue_003,42.43220858872459,-122.85514959259321,2024-01-01,Temperature,8.45,°C
650,Deschutes_004,44.07425894749625,-121.31579045336169,2024-12-13,pH,8.74,pH
651,Columbia_002,45.618931496086425,-122.75654200284876,2024-07-08,Dissolved_Oxygen,6.64,mg/L
652,Rogue_003,42.424061885919315,-122.85165631410317,2024-07-09,Nitrate,7.08,mg/L
653,Rogue_003,42.430219438082155,-122.87064957387584,2024-11-07,Nitrate,2.5,mg/L
654,Umpqua_005,43.38206107502132,-123.33355447503112,2024-04-26,Temperature,3.63,°C
655,Umpqua_005,43.3775704462494,-123.30418301031878,2024-05-13,pH,5.06,pH
656,Willamette_001,44.94480066765508,-123.03492070070949,2024-02-27,Phosphate,3.83,mg/L
657,Willamette_001,44.94496443374183,-123.03202401988631,2024-02-13,Temperature,3.32,°C
658,Deschutes_004,44.050083395573665,-121.30310568429485,2024-06-21,Dissolved_Oxygen,5.15,mg/L
659,Columbia_002,45.629720632389265,-122.73011231976085,2024-06-08,Nitrate,3.29,mg/L
660,Willamette_001,44.960620161767956,-123.0283248238747,2024-06-21,Phosphate,5.67,mg/L
661,Deschutes_004,44.074891131083284,-121.28728550254577,2024-11-12,Temperature,6.01,°C
662,Deschutes_004,44.05034767399122,-121.31611269399195,2024-10-29,Phosphate,4.19,mg/L
663,Umpqua_005,43.38381194691142,-123.30731090357483,2024-05-28,Nitrate,3.03,mg/L
664,Rogue_003,42.433986951836225,-122.85489239232999,2024-03-20,Temperature,5.87,°C
665,Rogue_003,42.41527013612258,-122.83810108946125,2024-07-31,Nitrate,5.72,mg/L
666,Umpqua_005,43.40131644566919,-123.32589567383992,2024-07-21,pH,3.8,pH
667,Rogue_003,42.42467831436873,-122.85607354433212,2024-09-08,Phosphate,2.41,mg/L
668,Columbia_002,45.64325840852148,-122.73791652182426,2024-08-16,Dissolved_Oxygen,4.85,mg/L
669,Willamette_001,44.96384532047594,-123.02555801672709,2024-06-12,Phosphate,5.51,mg/L
670,Willamette_001,44.94888981126393,-123.02878745316896,2024-08-14,Nitrate,7.2,mg/L
671,Deschutes_004,44.07935320336598,-121.29599600205205,2024-05-26,Dissolved_Oxygen,7.21,mg/L
672,Rogue_003,42.408234189143755,-122.84258360253534,2024-01-20,Phosphate,6.11,mg/L
673,Umpqua_005,43.395863843343705,-123.32477645582604,2024-02-16,Dissolved_Oxygen,4.22,mg/L
674,Deschutes_004,44.05171072386995,-121.31621701556239,2024-08-20,Temperature,2.49,°C
675,Deschutes_004,44.07897288694773,-121.30843306271754,2024-10-31,Dissolved_Oxygen,8.39,mg/L
676,Umpqua_005,43.42103673103062,-123.31403602930882,2024-01-14,Temperature,7.05,°C
677,Willamette_001,44.94781346722565,-123.03091399557509,2024-05-22,Phosphate,4.09,mg/L
678,Columbia_002,45.651056316915245,-122.740782965149,2024-01-01,Nitrate,4.84,mg/L
679,Willamette_001,44.93795064398772,-123.01852460786407,2024-02-23,Phosphate,6.94,mg/L
680,Willamette_001,44.946484279214005,-123.02941412862458,2024-09-15,pH,5.54,pH
681,Willamette_001,44.950569544402555,-123.03025402450746,2024-05-23,Phosphate,6.06,mg/L
682,Umpqua_005,43.40138131706403,-123.32527738224027,2024-01-12,Nitrate,2.96,mg/L
683,Columbia_002,45.64211457753867,-122.73884533316905,2024-11-25,Phosphate,3.13,mg/L
684,Umpqua_005,43.414664557261574,-123.30729583539419,2024-08-11,Phosphate,3.67,mg/L
685,Rogue_003,42.4188380238864,-122.82692979083046,2024-09-28,Dissolved_Oxygen,7.39,mg/L
686,Rogue_003,42.44220821298813,-122.85876773781212,2024-12-23,Dissolved_Oxygen,4.64,mg/L
687,Deschutes_004,44.06282946184508,-121.30660276140625,2024-06-04,pH,9.4,pH
688,Willamette_001,44.942044429320596,-123.02575606062139,2024-01-08,Temperature,5.56,°C
689,Rogue_003,42.44970258448634,-122.84834266639135,2024-05-01,Temperature,7.28,°C
690,Rogue_003,42.43508565877358,-122.83369418029669,2024-12-13,pH,5.9,pH
691,Columbia_002,45.62831258971507,-122.77627065356808,2024-06-12,Temperature,7.74,°C
692,Umpqua_005,43.38754479410498,-123.32729940945902,2024-03-30,Dissolved_Oxygen,3.96,mg/L
693,Umpqua_005,43.38996338788328,-123.32536723110083,2024-05-15,Nitrate,3.77,mg/L
694,Columbia_002,45.62957538383069,-122.73773577835466,2024-07-04,pH,8.43,pH
695,Umpqua_005,43.39625940350408,-123.33098091293435,2024-11-11,Temperature,2.4,°C
696,Willamette_001,44.94468545448641,-123.04567859425366,2024-06-26,pH,7.08,pH
697,Willamette_001,44.95119556924599,-123.03001736523275,2024-01-28,pH,3.31,pH
698,Willamette_001,44.95640542935075,-123.02876921798344,2024-08-07,Temperature,4.54,°C
699,Umpqua_005,43.41378284093623,-123.32362756532798,2024-12-22,Dissolved_Oxygen,3.22,mg/L
700,Willamette_001,44.9495633298026,-123.04788989412798,2024-02-10,pH,5.9,pH
701,Rogue_003,42.43904017554761,-122.85297482200873,2024-08-15,Phosphate,5.45,mg/L
702,Rogue_003,42.41729938911288,-122.84713044145698,2024-07-10,Nitrate,7.62,mg/L
703,Columbia_002,45.65273674247905,-122.72988174003558,2024-05-24,pH,5.99,pH
704,Umpqua_005,43.40560237039488,-123.32810383694424,2024-07-19,Phosphate,2.26,mg/L
705,Columbia_002,45.630818730165835,-122.73760415993559,2024-07-30,Nitrate,3.61,mg/L
706,Deschutes_004,44.04887421697989,-121.32030306473294,2024-08-07,Nitrate,4.21,mg/L
707,Willamette_001,44.954912029385014,-123.01935517246392,2024-08-27,Dissolved_Oxygen,8.54,mg/L
708,Columbia_002,45.63026621161973,-122.73992866663527,2024-02-15,Temperature,6.12,°C
709,Rogue_003,42.4163708858665,-122.84300979691416,2024-02-04,Nitrate,4.21,mg/L
710,Willamette_001,44.97012034130961,-123.02863827116936,2024-09-09,pH,6.51,pH
711,Deschutes_004,44.06395819781096,-121.30307144244182,2024-03-22,Temperature,4.64,°C
712,Willamette_001,44.94598392289343,-123.0315453899423,2024-09-12,Phosphate,6.47,mg/L
713,Umpqua_005,43.40485549295302,-123.30610836952128,2024-07-15,Phosphate,4.85,mg/L
714,Rogue_003,42.42625195615505,-122.85450621284075,2024-10-29,Phosphate,6.62,mg/L
715,Deschutes_004,44.04581940078031,-121.31833294958243,2024-01-10,Temperature,4.0,°C
716,Willamette_001,44.94372017413518,-123.0194881621985,2024-11-07,pH,5.72,pH
717,Rogue_003,42.443789016998466,-122.8526712633594,2024-10-12,Nitrate,7.48,mg/L
718,Rogue_003,42.43990238453705,-122.85586965687092,2024-08-29,Phosphate,5.93,mg/L
719,Columbia_002,45.63568874430425,-122.74591947153164,2024-09-07,Nitrate,6.57,mg/L
720,Willamette_001,44.95149363482272,-123.02635859703946,2024-12-30,Phosphate,6.1,mg/L
721,Willamette_001,44.95718274406975,-123.03801705042649,2024-01-05,Nitrate,2.72,mg/L
722,Deschutes_004,44.05168118756576,-121.31109232430187,2024-04-28,Dissolved_Oxygen,2.88,mg/L
723,Rogue_003,42.43338687317922,-122.83970542518401,2024-10-15,Dissolved_Oxygen,4.72,mg/L
724,Deschutes_004,44.059353113949676,-121.30927125901985,2024-03-05,Dissolved_Oxygen,6.74,mg/L
725,Rogue_003,42.42916282040151,-122.86119546128383,2024-05-25,Nitrate,7.38,mg/L
726,Rogue_003,42.416553509725304,-122.84788399619411,2024-08-11,Phosphate,4.21,mg/L
727,Deschutes_004,44.06264775310978,-121.29724609262001,2024-08-26,Temperature,9.97,°C
728,Rogue_003,42.42849535600177,-122.84332339207353,2024-06-25,pH,6.7,pH
729,Umpqua_005,43.39684913268806,-123.32571746041955,2024-09-23,Temperature,6.74,°C
730,Columbia_002,45.65065171965715,-122.73547383254514,2024-12-06,Phosphate,5.67,mg/L
731,Rogue_003,42.42270335376179,-122.86022585350271,2024-10-08,Temperature,6.99,°C
732,Deschutes_004,44.061888463571314,-121.32674185698814,2024-03-03,Nitrate,4.39,mg/L
733,Umpqua_005,43.38740567389562,-123.32671075426906,2024-08-04,Phosphate,4.72,mg/L
734,Rogue_003,42.432148265061166,-122.8556178249483,2024-12-07,Phosphate,4.74,mg/L
735,Umpqua_005,43.39618067728274,-123.3148977235483,2024-11-10,pH,9.8,pH
736,Columbia_002,45.63579886438424,-122.75682782358422,2024-10-09,Nitrate,4.03,mg/L
737,Columbia_002,45.64145063745959,-122.74206824311781,2024-06-25,pH,2.96,pH
738,Rogue_003,42.42203060739543,-122.82351856014246,2024-04-07,Nitrate,4.76,mg/L
739,Columbia_002,45.63054747341923,-122.76814026348109,2024-04-14,Nitrate,5.26,mg/L
740,Columbia_002,45.64321678541376,-122.74831940194034,2024-04-08,Temperature,5.22,°C
741,Willamette_001,44.939581524545595,-123.04233497583945,2024-11-06,Nitrate,5.07,mg/L
742,Willamette_001,44.9577063867895,-123.03820457849555,2024-01-06,pH,4.02,pH
743,Deschutes_004,44.05546207514836,-121.31573930007967,2024-07-15,Phosphate,4.79,mg/L
744,Umpqua_005,43.40103438129308,-123.29957923959856,2024-12-16,Dissolved_Oxygen,7.19,mg/L
745,Columbia_002,45.63500324675052,-122.74352732513559,2024-05-12,Dissolved_Oxygen,5.07,mg/L
746,Columbia_002,45.63759772133728,-122.74083948676882,2024-12-23,Nitrate,1.28,mg/L
747,Columbia_002,45.622834581118134,-122.75415316882135,2024-09-15,Dissolved_Oxygen,5.51,mg/L
748,Columbia_002,45.64115597997064,-122.7611640477995,2024-01-23,Dissolved_Oxygen,6.71,mg/L
749,Rogue_003,42.413355232646666,-122.84079988539995,2024-02-22,Nitrate,3.68,mg/L
750,Deschutes_004,44.06263928153505,-121.29308397834623,2024-06-13,Temperature,4.4,°C
751,Willamette_001,44.939414962790046,-123.03920582894006,2024-07-20,Phosphate,2.89,mg/L
752,Rogue_003,42.42907658637008,-122.8629078886615,2024-03-23,Dissolved_Oxygen,4.02,mg/L
753,Umpqua_005,43.388976905257586,-123.33481778305496,2024-05-24,Temperature,4.63,°C
754,Deschutes_004,44.06009226434144,-121.29741116626711,2024-03-25,Nitrate,4.82,mg/L
755,Willamette_001,44.97489461081261,-123.03338579980739,2024-03-18,Nitrate,5.17,mg/L
756,Rogue_003,42.42487594785376,-122.85897987641543,2024-01-01,Phosphate,8.16,mg/L
757,Umpqua_005,43.40810798645592,-123.32993862674834,2024-02-20,pH,8.31,pH
758,Umpqua_005,43.39779357249884,-123.32742248013565,2024-06-21,Phosphate,5.84,mg/L
759,Umpqua_005,43.39876271053725,-123.32397679693614,2024-07-23,Nitrate,4.23,mg/L
760,Willamette_001,44.95403468918108,-123.03549359854935,2024-09-16,Temperature,2.63,°C
761,Willamette_001,44.935239329082286,-123.03380407257411,2024-10-14,Temperature,7.39,°C
762,Willamette_001,44.9618189109296,-123.02519091907251,2024-02-03,Nitrate,4.34,mg/L
763,Willamette_001,44.95682135966746,-123.02812068347728,2024-12-13,Nitrate,8.78,mg/L
764,Columbia_002,45.645135684273534,-122.7313296289119,2024-04-04,Phosphate,6.34,mg/L
765,Deschutes_004,44.05927152832948,-121.30215833555782,2024-03-12,Nitrate,5.92,mg/L
766,Deschutes_004,44.076062647604516,-121.30838435494059,2024-02-08,Nitrate,8.84,mg/L
767,Deschutes_004,44.04614742910493,-121.3329811158713,2024-06-02,Nitrate,4.74,mg/L
768,Columbia_002,45.65296063061781,-122.76107156816802,2024-09-06,Temperature,3.96,°C
769,Columbia_002,45.647076263298224,-122.75701834162989,2024-06-10,Nitrate,5.9,mg/L
770,Willamette_001,44.93571142763456,-123.02778116491228,2024-04-27,Temperature,4.53,°C
771,Willamette_001,44.94564836337372,-123.04436542734044,2024-09-15,Nitrate,6.13,mg/L
772,Willamette_001,44.953195246707836,-123.01346382731508,2024-11-01,pH,5.84,pH
773,Umpqua_005,43.401577614392934,-123.3309736831897,2024-09-24,Phosphate,2.22,mg/L
774,Willamette_001,44.953812442664784,-123.03135927289856,2024-02-23,Temperature,2.05,°C
775,Deschutes_004,44.056540836994,-121.32506873318803,2024-08-23,Dissolved_Oxygen,4.71,mg/L
776,Rogue_003,42.42856884263036,-122.84212969163127,2024-08-09,Phosphate,4.99,mg/L
777,Columbia_002,45.64418098605437,-122.7681079760056,2024-09-07,pH,9.22,pH
778,Deschutes_004,44.071220902303224,-121.31936149289271,2024-11-08,Nitrate,5.97,mg/L
779,Willamette_001,44.94444691944614,-123.02840352230592,2024-04-21,Phosphate,7.39,mg/L
780,Deschutes_004,44.056418174360346,-121.29377408497767,2024-09-11,Temperature,6.14,°C
781,Willamette_001,44.94382864824898,-123.04030156133464,2024-10-29,Phosphate,4.68,mg/L
782,Deschutes_004,44.05659083293908,-121.31247327733078,2024-07-25,Nitrate,9.8,mg/L
783,Willamette_001,44.946977035674614,-123.02922989242508,2024-08-16,Phosphate,4.85,mg/L
784,Columbia_002,45.65227151674123,-122.74545636292501,2024-12-06,Dissolved_Oxygen,3.07,mg/L
785,Willamette_001,44.955492151825005,-123.01466835883315,2024-03-06,pH,7.08,pH
786,Deschutes_004,44.03248986643415,-121.30576326801251,2024-03-15,Phosphate,7.01,mg/L
787,Columbia_002,45.644624836240666,-122.76179369121633,2024-04-12,Phosphate,6.92,mg/L
788,Rogue_003,42.44907808788981,-122.85072542323235,2024-07-10,Dissolved_Oxygen,5.34,mg/L
789,Deschutes_004,44.04667222602521,-121.31349439327217,2024-09-08,Dissolved_Oxygen,7.5,mg/L
790,Rogue_003,42.42403025713279,-122.87390304367469,2024-08-13,Temperature,3.45,°C
791,Rogue_003,42.43428186247811,-122.85279993301874,2024-10-20,pH,8.08,pH
792,Columbia_002,45.64314479472483,-122.73161899292039,2024-11-01,Temperature,2.44,°C
793,Rogue_003,42.41165608693719,-122.84318814349875,2024-04-07,Temperature,5.31,°C
794,Columbia_002,45.645886526793824,-122.75083927254873,2024-12-03,Temperature,6.0,°C
795,Columbia_002,45.64131669434636,-122.74870863046854,2024-10-12,pH,9.63,pH
796,Rogue_003,42.4501527511046,-122.83709355539077,2024-11-30,Nitrate,4.65,mg/L
797,Umpqua_005,43.38503800845924,-123.31923016858592,2024-12-12,Phosphate,7.92,mg/L
798,Columbia_002,45.65116246390518,-122.73491952408581,2024-11-03,Temperature,5.25,°C
799,Deschutes_004,44.05337021219911,-121.30584846015651,2024-09-05,Nitrate,1.83,mg/L
800,Umpqua_005,43.40836221078875,-123.32739018896999,2024-06-14,pH,5.68,pH
801,Columbia_002,45.64021881320571,-122.74246538548341,2024-11-30,pH,9.33,pH
802,Deschutes_004,44.0448507572463,-121.318010669904,2024-01-30,Phosphate,6.23,mg/L
803,Columbia_002,45.636797021954635,-122.73356621844195,2024-09-03,Temperature,0.84,°C
804,Rogue_003,42.41816224049182,-122.83743314194098,2024-04-15,Phosphate,5.72,mg/L
805,Umpqua_005,43.384043632391105,-123.32760418199811,2024-02-20,Nitrate,4.8,mg/L
806,Willamette_001,44.94511726157549,-123.02366673173928,2024-03-21,pH,6.75,pH
807,Rogue_003,42.43028790813739,-122.84881788008597,2024-05-12,Phosphate,8.15,mg/L
808,Rogue_003,42.415579404581415,-122.86877224106804,2024-10-11,Phosphate,3.65,mg/L
809,Umpqua_005,43.406961679971594,-123.32517692572868,2024-05-17,Nitrate,4.04,mg/L
810,Rogue_003,42.44684579746017,-122.83156101307998,2024-07-02,Dissolved_Oxygen,4.82,mg/L
811,Umpqua_005,43.38588433844816,-123.31292954105865,2024-11-25,pH,5.99,pH
812,Umpqua_005,43.40862223511887,-123.33416227055793,2024-09-29,Nitrate,10.5,mg/L
813,Umpqua_005,43.39175676987937,-123.32950135752883,2024-12-05,Dissolved_Oxygen,3.7,mg/L
814,Columbia_002,45.62764162258648,-122.74825624614326,2024-03-09,Nitrate,4.6,mg/L
815,Umpqua_005,43.39584899711036,-123.3129929938788,2024-02-03,Dissolved_Oxygen,6.86,mg/L
816,Deschutes_004,44.07370043661171,-121.3263287783849,2024-09-18,Phosphate,10.63,mg/L
817,Columbia_002,45.6367808685887,-122.75274177513364,2024-02-22,Temperature,7.13,°C
818,Deschutes_004,44.06961987189072,-121.31237011970013,2024-07-23,Nitrate,4.82,mg/L
819,Umpqua_005,43.40809116068242,-123.32396146089937,2024-05-05,Dissolved_Oxygen,5.5,mg/L
820,Columbia_002,45.62810767534923,-122.73946014228817,2024-08-22,pH,5.46,pH
821,Deschutes_004,44.05460785984194,-121.30685447829464,2024-02-12,Temperature,2.53,°C
822,Umpqua_005,43.38826730443996,-123.32104791916895,2024-08-27,Temperature,5.28,°C
823,Rogue_003,42.42638367476383,-122.8540738136738,2024-04-20,Temperature,4.42,°C
824,Umpqua_005,43.39941235287723,-123.32505016850367,2024-09-05,Phosphate,7.94,mg/L
825,Umpqua_005,43.391407668579035,-123.32206124507252,2024-05-30,Nitrate,5.16,mg/L
826,Rogue_003,42.423721066622164,-122.8789183259895,2024-07-01,Temperature,6.52,°C
827,Columbia_002,45.64221558473624,-122.73765248085955,2024-12-01,Dissolved_Oxygen,4.77,mg/L
828,Umpqua_005,43.40595490897639,-123.32589894756462,2024-04-04,Dissolved_Oxygen,2.94,mg/L
829,Umpqua_005,43.3922116295718,-123.30648927107586,2024-01-08,Temperature,2.0,°C
830,Willamette_001,44.95651345012353,-123.04319063861485,2024-12-25,pH,8.77,pH
831,Willamette_001,44.9566309924674,-123.00939177198865,2024-07-02,Temperature,5.91,°C
832,Columbia_002,45.63702357426978,-122.7242892984337,2024-10-07,Nitrate,6.14,mg/L
833,Umpqua_005,43.40749949970651,-123.32145251294254,2024-07-13,Phosphate,3.32,mg/L
834,Columbia_002,45.635452052826224,-122.76039806531027,2024-12-17,Nitrate,4.36,mg/L
835,Rogue_003,42.44056184139626,-122.83895505014557,2024-07-13,Dissolved_Oxygen,5.45,mg/L
836,Deschutes_004,44.066361554850396,-121.32623533384398,2024-06-03,Nitrate,3.8,mg/L
837,Columbia_002,45.652718924219386,-122.7511081256028,2024-04-02,Nitrate,7.14,mg/L
838,Rogue_003,42.4389130368687,-122.84995770141005,2024-06-08,Dissolved_Oxygen,4.22,mg/L
839,Deschutes_004,44.063687380592775,-121.31130737066714,2024-03-01,Phosphate,7.68,mg/L
840,Deschutes_004,44.06794739217055,-121.29920318795278,2024-05-01,pH,9.21,pH
841,Columbia_002,45.64379215656834,-122.75547629878515,2024-02-20,Nitrate,6.25,mg/L
842,Deschutes_004,44.05145423819632,-121.32639709118871,2024-10-03,pH,6.1,pH
843,Willamette_001,44.95996350987591,-123.04152061660265,2024-01-05,Phosphate,5.89,mg/L
844,Deschutes_004,44.058038118541475,-121.31671143606764,2024-04-01,pH,7.82,pH
845,Columbia_002,45.637953787120736,-122.75387120426348,2024-06-18,Temperature,4.96,°C
846,Columbia_002,45.63228454913049,-122.76277535822133,2024-11-12,Phosphate,4.7,mg/L
847,Rogue_003,42.42490786637401,-122.85846359719886,2024-01-22,Temperature,5.56,°C
848,Umpqua_005,43.399021691879,-123.33107941670914,2024-11-21,Nitrate,3.83,mg/L
849,Umpqua_005,43.409365041167305,-123.33708119394608,2024-01-01,Dissolved_Oxygen,4.68,mg/L
850,Columbia_002,45.63693834142145,-122.74265401871698,2024-05-12,Nitrate,10.28,mg/L
851,Umpqua_005,43.40571179406219,-123.31756342776296,2024-08-20,pH,0.98,pH
852,Willamette_001,44.955539560470825,-123.02142181158466,2024-01-12,Temperature,2.82,°C
853,Umpqua_005,43.41185369780823,-123.30309976154581,2024-12-11,Dissolved_Oxygen,4.2,mg/L
854,Umpqua_005,43.39143148134872,-123.3312605396091,2024-02-15,Temperature,4.23,°C
855,Umpqua_005,43.404300656871754,-123.3115305349823,2024-02-03,Phosphate,4.68,mg/L
856,Willamette_001,44.95045491476331,-123.02441663576788,2024-03-18,Temperature,5.29,°C
857,Willamette_001,44.933574466463675,-123.0190805382871,2024-08-05,Dissolved_Oxygen,4.32,mg/L
858,Columbia_002,45.63923610363733,-122.75147519564618,2024-10-27,Temperature,6.81,°C
859,Umpqua_005,43.393536847042306,-123.31822620829085,2024-03-13,Phosphate,5.53,mg/L
860,Rogue_003,42.442637668460556,-122.85996415983166,2024-10-08,Dissolved_Oxygen,0.8,mg/L
861,Umpqua_005,43.40775785656793,-123.32297108947198,2024-09-05,Nitrate,3.37,mg/L
862,Deschutes_004,44.06972090818757,-121.29696566558485,2024-02-16,Phosphate,4.33,mg/L
863,Willamette_001,44.934157161073735,-123.02783703541598,2024-04-30,Temperature,4.38,°C
864,Deschutes_004,44.056074782950716,-121.31609134769214,2024-08-01,Phosphate,6.15,mg/L
865,Willamette_001,44.95376908941627,-123.01894981561148,2024-08-26,Dissolved_Oxygen,3.7,mg/L
866,Deschutes_004,44.05515773118518,-121.30076877732229,2024-02-25,pH,11.37,pH
867,Deschutes_004,44.05649554515764,-121.31574949955387,2024-12-15,pH,6.32,pH
868,Umpqua_005,43.397273219684195,-123.31756988142989,2024-04-16,pH,6.3,pH
869,Willamette_001,44.95167362453512,-123.01477702436655,2024-11-14,pH,7.16,pH
870,Deschutes_004,44.05552740409117,-121.29650416760953,2024-02-17,Phosphate,5.15,mg/L
871,Willamette_001,44.95203235954586,-123.03457633249337,2024-03-01,Dissolved_Oxygen,3.44,mg/L
872,Umpqua_005,43.392797322815895,-123.33527098914982,2024-12-02,Phosphate,5.37,mg/L
873,Columbia_002,45.637915317894596,-122.73793391845136,2024-01-26,Temperature,2.03,°C
874,Columbia_002,45.642558296484346,-122.75487551882044,2024-10-18,pH,3.95,pH
875,Deschutes_004,44.052815194802406,-121.3158526680089,2024-09-13,Dissolved_Oxygen,8.3,mg/L
876,Deschutes_004,44.04566474027712,-121.33105111188063,2024-01-08,Dissolved_Oxygen,2.52,mg/L
877,Umpqua_005,43.3825429256714,-123.31505294346225,2024-04-22,Dissolved_Oxygen,5.09,mg/L
878,Umpqua_005,43.38906513266314,-123.31501813857743,2024-12-20,Dissolved_Oxygen,5.77,mg/L
879,Willamette_001,44.95708560314857,-123.02776212633442,2024-09-09,Dissolved_Oxygen,3.6,mg/L
880,Rogue_003,42.42534304759881,-122.86788065495037,2024-06-28,Dissolved_Oxygen,4.6,mg/L
881,Umpqua_005,43.39077407333172,-123.34403176592592,2024-07-25,pH,7.32,pH
882,Willamette_001,44.96791265064171,-123.02852648726856,2024-10-29,Temperature,8.6,°C
883,Umpqua_005,43.42278243070582,-123.33965928994147,2024-05-06,Phosphate,5.65,mg/L
884,Willamette_001,44.93846267209276,-123.03845128610827,2024-02-25,pH,6.83,pH
885,Willamette_001,44.95715872744691,-123.02772965521135,2024-08-01,pH,7.81,pH
886,Columbia_002,45.6430740356972,-122.75824612250435,2024-01-14,pH,6.35,pH
887,Umpqua_005,43.40881162468437,-123.32612056226463,2024-01-28,Temperature,3.44,°C
888,Columbia_002,45.63997520168877,-122.73883811935566,2024-03-18,Temperature,6.51,°C
889,Columbia_002,45.63801933502475,-122.75354557028697,2024-08-03,Phosphate,4.44,mg/L
890,Columbia_002,45.630304964941544,-122.75080705652218,2024-12-30,Temperature,10.26,°C
891,Deschutes_004,44.05417692872069,-121.3237909239308,2024-06-02,Temperature,5.76,°C
892,Umpqua_005,43.39710772321846,-123.33468867564865,2024-01-14,Dissolved_Oxygen,7.14,mg/L
893,Umpqua_005,43.39850568513989,-123.30877796432301,2024-07-05,Dissolved_Oxygen,6.15,mg/L
894,Columbia_002,45.630973003357774,-122.74053071531642,2024-11-07,Dissolved_Oxygen,5.74,mg/L
895,Umpqua_005,43.39035799928577,-123.3091994394086,2024-01-07,Phosphate,3.2,mg/L
896,Umpqua_005,43.413303816856576,-123.30678938261646,2024-01-03,Phosphate,6.89,mg/L
897,Rogue_003,42.438468821038846,-122.85115224232551,2024-04-20,Dissolved_Oxygen,4.75,mg/L
898,Columbia_002,45.65203536581907,-122.746567662016,2024-08-25,pH,6.23,pH
899,Willamette_001,44.9481060755749,-123.02325271453937,2024-12-28,Phosphate,7.96,mg/L
900,Willamette_001,44.92808925927436,-123.033350994788,2024-08-26,Dissolved_Oxygen,4.68,mg/L
901,Umpqua_005,43.40945869643684,-123.32900590352536,2024-09-30,Temperature,7.51,°C
902,Rogue_003,42.42995378311097,-122.84629192814458,2024-10-20,Nitrate,2.73,mg/L
903,Columbia_002,45.64695863839094,-122.73826557723368,2024-08-14,Dissolved_Oxygen,3.89,mg/L
904,Rogue_003,42.416430644303006,-122.84776846945252,2024-01-15,Nitrate,4.45,mg/L
905,Umpqua_005,43.400642308337034,-123.31885471204212,2024-07-10,Dissolved_Oxygen,4.53,mg/L
906,Columbia_002,45.66514438636617,-122.74175901543337,2024-04-28,Nitrate,8.61,mg/L
907,Columbia_002,45.64335021295802,-122.7549173784879,2024-01-28,Phosphate,2.45,mg/L
908,Willamette_001,44.96267651511188,-123.0271127199699,2024-07-20,Temperature,4.03,°C
909,Willamette_001,44.93291345752858,-123.02252927156154,2024-02-08,Nitrate,7.19,mg/L
910,Deschutes_004,44.04942602142256,-121.30370019159653,2024-09-29,Temperature,7.8,°C
911,Deschutes_004,44.064176807522394,-121.3089255562566,2024-08-18,Nitrate,6.7,mg/L
912,Deschutes_004,44.078672242043126,-121.29756765669521,2024-03-26,Nitrate,5.77,mg/L
913,Columbia_002,45.64514062552425,-122.75461169732034,2024-05-05,Phosphate,6.69,mg/L
914,Willamette_001,44.95199485299443,-123.03080948206244,2024-10-26,Nitrate,6.51,mg/L
915,Deschutes_004,44.06285803286795,-121.31845153958426,2024-01-25,Temperature,2.61,°C
916,Deschutes_004,44.06420699631019,-121.31577920776833,2024-05-24,Temperature,6.11,°C
917,Deschutes_004,44.0667550999768,-121.30528137661969,2024-01-13,pH,4.53,pH
918,Rogue_003,42.42194828248257,-122.83923151855342,2024-07-30,Nitrate,3.23,mg/L
919,Rogue_003,42.42955254415244,-122.86030712931266,2024-01-25,Temperature,5.46,°C
920,Columbia_002,45.62416411610212,-122.74587001087862,2024-03-08,Phosphate,2.91,mg/L
921,Rogue_003,42.4270569499014,-122.8470672503474,2024-03-07,pH,7.99,pH
922,Willamette_001,44.96911662406281,-123.02525462653534,2024-08-20,pH,5.51,pH
923,Deschutes_004,44.05409325438115,-121.31573339839215,2024-04-18,Temperature,3.14,°C
924,Willamette_001,44.97398498606694,-123.00325896107515,2024-05-25,Nitrate,4.45,mg/L
925,Umpqua_005,43.391021699335745,-123.32487705372948,2024-04-20,Dissolved_Oxygen,5.7,mg/L
926,Willamette_001,44.96972810754718,-123.02584823397677,2024-08-15,Phosphate,7.15,mg/L
927,Deschutes_004,44.05449018196462,-121.30831984659467,2024-04-20,Temperature,4.89,°C
928,Willamette_001,44.95500831591004,-123.03878473801342,2024-02-03,Nitrate,6.89,mg/L
929,Rogue_003,42.42362412457924,-122.84783316881035,2024-04-20,Nitrate,6.48,mg/L
930,Umpqua_005,43.41523525312229,-123.33366447626894,2024-09-20,Phosphate,4.39,mg/L
931,Deschutes_004,44.06161888186241,-121.3031139194631,2024-08-23,Dissolved_Oxygen,3.23,mg/L
932,Umpqua_005,43.40637169070701,-123.33338206655503,2024-03-23,Temperature,4.84,°C
933,Deschutes_004,44.06612232686791,-121.32335052095426,2024-02-11,pH,6.26,pH
934,Columbia_002,45.62832751440506,-122.73948536680992,2024-04-10,Temperature,2.82,°C
935,Columbia_002,45.6418940590078,-122.74901181961071,2024-01-06,Nitrate,4.66,mg/L
936,Columbia_002,45.633136631530654,-122.75843401548457,2024-06-28,pH,5.87,pH
937,Willamette_001,44.94866821859733,-123.02378765047426,2024-10-08,pH,6.58,pH
938,Umpqua_005,43.39403588592031,-123.32299181772427,2024-11-15,Temperature,7.58,°C
939,Deschutes_004,44.071653274178026,-121.31254103454036,2024-08-13,Temperature,4.1,°C
940,Rogue_003,42.418131187704056,-122.85298406271923,2024-11-10,pH,5.67,pH
941,Deschutes_004,44.06831616786181,-121.30790529916352,2024-12-30,Dissolved_Oxygen,3.87,mg/L
942,Columbia_002,45.638319325227855,-122.76934306757444,2024-08-16,Phosphate,3.03,mg/L
943,Columbia_002,45.64038394008239,-122.7370126989136,2024-10-15,pH,7.33,pH
944,Rogue_003,42.430979632644764,-122.85338038040909,2024-05-29,Temperature,3.57,°C
945,Umpqua_005,43.39753628141587,-123.31408231176441,2024-10-03,Dissolved_Oxygen,6.76,mg/L
946,Rogue_003,42.419078584065716,-122.85253676077542,2024-07-16,Phosphate,6.73,mg/L
947,Deschutes_004,44.064892545350766,-121.30313646444986,2024-03-10,pH,6.31,pH
948,Deschutes_004,44.07441945005802,-121.31512374240677,2024-04-21,Phosphate,3.32,mg/L
949,Rogue_003,42.42690350286012,-122.83853972424986,2024-01-04,Dissolved_Oxygen,5.11,mg/L
950,Columbia_002,45.65654754358851,-122.75586672774305,2024-12-15,Temperature,0.68,°C
951,Rogue_003,42.43771796177236,-122.84643747211294,2024-11-26,Temperature,3.23,°C
952,Deschutes_004,44.05259682429253,-121.3110282413048,2024-11-13,Temperature,7.52,°C
953,Willamette_001,44.95615174438189,-123.02958598049786,2024-12-15,Phosphate,8.01,mg/L
954,Willamette_001,44.94712277026054,-123.02869733381131,2024-04-04,Dissolved_Oxygen,4.05,mg/L
955,Columbia_002,45.6417817408477,-122.72231107690372,2024-05-31,Temperature,4.99,°C
956,Willamette_001,44.96748575914059,-123.03390731914408,2024-11-06,Phosphate,3.81,mg/L
957,Rogue_003,42.42965449376046,-122.86616713374947,2024-05-16,Nitrate,2.21,mg/L
958,Columbia_002,45.64703440133139,-122.72845071322617,2024-09-03,pH,6.54,pH
959,Columbia_002,45.66107118523206,-122.75691384615178,2024-08-30,Nitrate,3.18,mg/L
960,Deschutes_004,44.056764907804165,-121.31080879572892,2024-01-31,Phosphate,6.38,mg/L
961,Rogue_003,42.446939370670975,-122.84531756701928,2024-02-09,Nitrate,3.89,mg/L
962,Deschutes_004,44.04825925868391,-121.31788671931152,2024-08-16,Temperature,4.96,°C
963,Rogue_003,42.44016629674886,-122.8520382312512,2024-02-05,pH,7.8,pH
964,Willamette_001,44.959513062442994,-123.02473102076334,2024-08-10,Dissolved_Oxygen,6.29,mg/L
965,Columbia_002,45.63491437746725,-122.75483987116282,2024-01-06,Temperature,5.87,°C
966,Rogue_003,42.43251106599001,-122.84190281734912,2024-11-17,Phosphate,5.25,mg/L
967,Umpqua_005,43.38861618611444,-123.3079005074144,2024-08-07,Nitrate,5.13,mg/L
968,Columbia_002,45.646041205059845,-122.75547658105371,2024-03-15,pH,9.2,pH
969,Columbia_002,45.63962106918283,-122.7261162800713,2024-01-04,Temperature,5.16,°C
970,Umpqua_005,43.40722826894985,-123.31888200841796,2024-11-30,Dissolved_Oxygen,7.37,mg/L
971,Umpqua_005,43.39867337583723,-123.31716828994664,2024-05-13,Temperature,5.76,°C
972,Umpqua_005,43.40034866882779,-123.30003149781311,2024-04-27,pH,8.07,pH
973,Columbia_002,45.63038115137794,-122.74865292531898,2024-04-03,Nitrate,5.81,mg/L
974,Deschutes_004,44.062322145059554,-121.31675584387415,2024-03-02,Nitrate,4.76,mg/L
975,Umpqua_005,43.40701494781925,-123.31481128819559,2024-07-12,Phosphate,2.27,mg/L
976,Umpqua_005,43.36900329477216,-123.31871347052045,2024-11-30,pH,7.99,pH
977,Willamette_001,44.955480449740065,-123.038829952235,2024-07-21,Phosphate,7.04,mg/L
978,Columbia_002,45.64584683281918,-122.75370225591867,2024-01-26,Nitrate,2.92,mg/L
979,Willamette_001,44.94871651324264,-123.03590887362431,2024-06-21,Phosphate,5.06,mg/L
980,Umpqua_005,43.40709536170726,-123.31382249821912,2024-10-26,Nitrate,5.58,mg/L
981,Columbia_002,45.642495481895985,-122.76183056184735,2024-05-12,pH,5.01,pH
982,Columbia_002,45.63595754400803,-122.74734537340504,2024-11-21,Temperature,4.49,°C
983,Willamette_001,44.95019381237698,-123.0532031559823,2024-04-27,Nitrate,6.29,mg/L
984,Rogue_003,42.39724989366086,-122.85817927093585,2024-11-19,Temperature,6.57,°C
985,Willamette_001,44.95137519572724,-123.02601732227821,2024-10-01,Phosphate,6.36,mg/L
986,Rogue_003,42.45583806848818,-122.8375120809945,2024-07-30,Temperature,5.43,°C
987,Columbia_002,45.6423491524752,-122.75587021818352,2024-08-12,Phosphate,4.32,mg/L
988,Willamette_001,44.971495532637334,-123.01166515422823,2024-01-20,Dissolved_Oxygen,5.99,mg/L
989,Deschutes_004,44.05942604634926,-121.32395448504755,2024-04-22,Dissolved_Oxygen,6.01,mg/L
990,Willamette_001,44.94260971341977,-123.02347669661823,2024-05-19,Dissolved_Oxygen,3.58,mg/L
991,Deschutes_004,44.056636616463656,-121.31675373238804,2024-02-16,Temperature,4.89,°C
992,Willamette_001,44.95659451241114,-123.03803948414728,2024-01-01,Temperature,7.31,°C
993,Umpqua_005,43.40962416408283,-123.31541108603638,2024-03-30,Phosphate,6.11,mg/L
994,Rogue_003,42.4284169452199,-122.85183853893159,2024-05-21,Temperature,4.1,°C
995,Deschutes_004,44.06241240248407,-121.30915494854307,2024-11-15,Phosphate,4.87,mg/L
996,Columbia_002,45.650065957152776,-122.7371786425964,2024-02-07,Temperature,6.6,°C
997,Deschutes_004,44.06134412527903,-121.31259975988668,2024-10-19,Phosphate,2.15,mg/L
998,Rogue_003,42.430505363427926,-122.83510197368427,2024-05-18,Nitrate,3.26,mg/L
999,Rogue_003,42.43921318048838,-122.84715066930315,2024-12-21,pH,10.49,pH
1000,Rogue_003,42.439780005241715,-122.86513138775142,2024-11-28,Phosphate,4.55,mg/L
